name,attributes,image,rarity score,rank
Monster Mash #45,"[{'trait_type': 'Character', 'value': 'Wolfie'}, {'trait_type': 'Background', 'value': 'Binary'}, {'trait_type': 'Skin', 'value': 'Wolfie Leopard'}, {'trait_type': 'Top', 'value': 'Wolfie OG Costume'}, {'trait_type': 'Eyes', 'value': 'Goggles, Yellow'}, {'trait_type': 'HeadChoice', 'value': 'Hat'}, {'trait_type': 'Hat', 'value': 'Viking Helmet 2'}, {'trait_type': 'Pet', 'value': 'Bat, Pink'}, {'trait_type': 'Mouth', 'value': 'None'}, {'trait_type': 'Button', 'value': 'None'}, {'trait_type': 'Neck', 'value': 'None'}, {'trait_type': 'Hair', 'value': 'None'}, {'trait_type': 'Helmet', 'value': 'None'}, {'trait_type': 'Earrings', 'value': 'None'}, {'trait_type': 'Smoking', 'value': 'None'}]",https://ipfs.io/ipfs/QmeuTjaQbhdwcpeLDFxb9ytRNWWLX6pGZPXPU17GaWdZpQ,456.1762482986058,1
Monster Mash #62,"[{'trait_type': 'Character', 'value': 'Bride'}, {'trait_type': 'Background', 'value': 'Leopard, Red'}, {'trait_type': 'Skin', 'value': 'Bride Reg'}, {'trait_type': 'Top', 'value': 'Halter Top, Leopard, Pink'}, {'trait_type': 'Neck', 'value': 'Neckerchief, Leopard , Teal '}, {'trait_type': 'Earrings', 'value': 'Hoops, Gold'}, {'trait_type': 'Eyes', 'value': 'Glasses, Oversized, Green'}, {'trait_type': 'Hair', 'value': 'Bow, Tiger, Pink'}, {'trait_type': 'Pet', 'value': 'Bat, Purple '}, {'trait_type': 'Mouth', 'value': 'None'}, {'trait_type': 'Button', 'value': 'None'}, {'trait_type': 'HeadChoice', 'value': 'None'}, {'trait_type': 'Hat', 'value': 'None'}, {'trait_type': 'Helmet', 'value': 'None'}, {'trait_type': 'Smoking', 'value': 'None'}]",https://ipfs.io/ipfs/QmWbyAYHYDzBAHazpvs8gZnL2WoXfbc7iXZHJ1ejGGU3HF,443.9194461682743,2
Monster Mash #32,"[{'trait_type': 'Character', 'value': 'Bride'}, {'trait_type': 'Background', 'value': 'Graveyard'}, {'trait_type': 'Skin', 'value': 'Bride Striped'}, {'trait_type': 'Top', 'value': 'Low Cut T, Leopard, Purple'}, {'trait_type': 'Neck', 'value': 'Choker, Silver'}, {'trait_type': 'Eyes', 'value': 'Glasses, Pointed, Purple '}, {'trait_type': 'Mouth', 'value': 'None'}, {'trait_type': 'Pet', 'value': 'None'}, {'trait_type': 'Button', 'value': 'None'}, {'trait_type': 'Hair', 'value': 'None'}, {'trait_type': 'HeadChoice', 'value': 'None'}, {'trait_type': 'Hat', 'value': 'None'}, {'trait_type': 'Helmet', 'value': 'None'}, {'trait_type': 'Earrings', 'value': 'None'}, {'trait_type': 'Smoking', 'value': 'None'}]",https://ipfs.io/ipfs/QmfKb3JVf452JUMPPQk8VSm75J76yn1GojXr4NJhm3wf4q,360.384407330044,3
Monster Mash #19,"[{'trait_type': 'Character', 'value': 'Fred'}, {'trait_type': 'Background', 'value': 'Skull Pattern 2'}, {'trait_type': 'Skin', 'value': 'Fred Purple'}, {'trait_type': 'Top', 'value': 'Jersey, Baseball, Red'}, {'trait_type': 'Eyes', 'value': 'Eyes, Bloodshot'}, {'trait_type': 'Button', 'value': 'Button, Moon'}, {'trait_type': 'Mouth', 'value': 'None'}, {'trait_type': 'Pet', 'value': 'None'}, {'trait_type': 'Neck', 'value': 'None'}, {'trait_type': 'Hair', 'value': 'None'}, {'trait_type': 'HeadChoice', 'value': 'None'}, {'trait_type': 'Hat', 'value': 'None'}, {'trait_type': 'Helmet', 'value': 'None'}, {'trait_type': 'Earrings', 'value': 'None'}, {'trait_type': 'Smoking', 'value': 'None'}]",https://ipfs.io/ipfs/QmfGYHZ5QEn5JVH8BMyAVibR4vho4VANpokf8kRsXbHHbg,359.5710928212715,4
Monster Mash #1,"[{'trait_type': 'Character', 'value': 'Mummy'}, {'trait_type': 'Background', 'value': 'Dark Purple'}, {'trait_type': 'Skin', 'value': 'Mummy Tie Dye'}, {'trait_type': 'Top', 'value': 'Jersey, Soccer 2'}, {'trait_type': 'Pet', 'value': 'Spider, Pink'}, {'trait_type': 'Button', 'value': 'Button, Monster Smiley'}, {'trait_type': 'Mouth', 'value': 'None'}, {'trait_type': 'Eyes', 'value': 'None'}, {'trait_type': 'Neck', 'value': 'None'}, {'trait_type': 'Hair', 'value': 'None'}, {'trait_type': 'HeadChoice', 'value': 'None'}, {'trait_type': 'Hat', 'value': 'None'}, {'trait_type': 'Helmet', 'value': 'None'}, {'trait_type': 'Earrings', 'value': 'None'}, {'trait_type': 'Smoking', 'value': 'None'}]",https://ipfs.io/ipfs/QmbC9nKA3HTRfbiddGig4HiPfkzxzLp8rVF5KP2LjBnbNH,353.40704351360523,5
Monster Mash #89,"[{'trait_type': 'Character', 'value': 'Bride'}, {'trait_type': 'Background', 'value': 'Leopard, Pink'}, {'trait_type': 'Skin', 'value': 'Bride Blue'}, {'trait_type': 'Top', 'value': 'Low Cut T, Pink'}, {'trait_type': 'Neck', 'value': 'Neckerchief, Leopard'}, {'trait_type': 'Eyes', 'value': 'Glasses, MX, Purple'}, {'trait_type': 'Hair', 'value': 'Bow, Purple'}, {'trait_type': 'Pet', 'value': 'Bat, Blue'}, {'trait_type': 'Mouth', 'value': 'None'}, {'trait_type': 'Button', 'value': 'None'}, {'trait_type': 'HeadChoice', 'value': 'None'}, {'trait_type': 'Hat', 'value': 'None'}, {'trait_type': 'Helmet', 'value': 'None'}, {'trait_type': 'Earrings', 'value': 'None'}, {'trait_type': 'Smoking', 'value': 'None'}]",https://ipfs.io/ipfs/QmeVpyqvaDLrC36bUjY4agHKjQN9JEwcaCiYEyESqWvsoG,344.93964818847627,6
Monster Mash #9,"[{'trait_type': 'Character', 'value': 'Fred'}, {'trait_type': 'Background', 'value': 'Checker Red'}, {'trait_type': 'Skin', 'value': 'Fred Striped'}, {'trait_type': 'Top', 'value': 'Shirt, Cowboy'}, {'trait_type': 'HeadChoice', 'value': 'Hat'}, {'trait_type': 'Hat', 'value': 'Baseball Hat, Monster'}, {'trait_type': 'Mouth', 'value': 'None'}, {'trait_type': 'Eyes', 'value': 'None'}, {'trait_type': 'Pet', 'value': 'None'}, {'trait_type': 'Button', 'value': 'None'}, {'trait_type': 'Neck', 'value': 'None'}, {'trait_type': 'Hair', 'value': 'None'}, {'trait_type': 'Helmet', 'value': 'None'}, {'trait_type': 'Earrings', 'value': 'None'}, {'trait_type': 'Smoking', 'value': 'None'}]",https://ipfs.io/ipfs/QmXzNdvt8R5VSfVh6ghRteCUp94sXpJgoJqMp3FvA3uXpy,311.6947503639164,7
Monster Mash #74,"[{'trait_type': 'Character', 'value': 'Frankie'}, {'trait_type': 'Background', 'value': 'Purple'}, {'trait_type': 'Skin', 'value': 'Frankie Teal'}, {'trait_type': 'Top', 'value': 'Jacket, Puffer, Pink'}, {'trait_type': 'HeadChoice', 'value': 'Hat'}, {'trait_type': 'Hat', 'value': 'Flat Cap, Supreme'}, {'trait_type': 'Pet', 'value': 'Bat, Green'}, {'trait_type': 'Mouth', 'value': 'None'}, {'trait_type': 'Eyes', 'value': 'None'}, {'trait_type': 'Button', 'value': 'None'}, {'trait_type': 'Neck', 'value': 'None'}, {'trait_type': 'Hair', 'value': 'None'}, {'trait_type': 'Helmet', 'value': 'None'}, {'trait_type': 'Earrings', 'value': 'None'}, {'trait_type': 'Smoking', 'value': 'None'}]",https://ipfs.io/ipfs/QmdgSh139wZaQoxCgAou15rjXJU1qjjfGJDb1fuRdztdFw,306.6536292509868,8
Monster Mash #92,"[{'trait_type': 'Character', 'value': 'Drac'}, {'trait_type': 'Background', 'value': 'MM Pattern 2'}, {'trait_type': 'Skin', 'value': 'Drac Tie Dye'}, {'trait_type': 'Top', 'value': 'Tee, Skeleton'}, {'trait_type': 'Neck', 'value': 'Sid Necklace'}, {'trait_type': 'Eyes', 'value': 'Wayfarers, Cobalt'}, {'trait_type': 'HeadChoice', 'value': 'Hat'}, {'trait_type': 'Hat', 'value': 'Flat Cap, Irish'}, {'trait_type': 'Mouth', 'value': 'None'}, {'trait_type': 'Pet', 'value': 'None'}, {'trait_type': 'Button', 'value': 'None'}, {'trait_type': 'Hair', 'value': 'None'}, {'trait_type': 'Helmet', 'value': 'None'}, {'trait_type': 'Earrings', 'value': 'None'}, {'trait_type': 'Smoking', 'value': 'None'}]",https://ipfs.io/ipfs/QmWd7z9KBpc5J6RJGEeGMz9HE2L3pjNEVwqnr6F5md4GFn,305.9727615683982,9
Monster Mash #91,"[{'trait_type': 'Character', 'value': 'Drac'}, {'trait_type': 'Background', 'value': 'Castle Wall'}, {'trait_type': 'Skin', 'value': 'Drac Green'}, {'trait_type': 'Top', 'value': 'Jacket, Camo, Urban'}, {'trait_type': 'Eyes', 'value': 'Glasses, Round, Teal'}, {'trait_type': 'HeadChoice', 'value': 'Hat'}, {'trait_type': 'Hat', 'value': 'Tilt Cap, Monster Smile'}, {'trait_type': 'Pet', 'value': 'Bat, Pink'}, {'trait_type': 'Mouth', 'value': 'None'}, {'trait_type': 'Button', 'value': 'None'}, {'trait_type': 'Neck', 'value': 'None'}, {'trait_type': 'Hair', 'value': 'None'}, {'trait_type': 'Helmet', 'value': 'None'}, {'trait_type': 'Earrings', 'value': 'None'}, {'trait_type': 'Smoking', 'value': 'None'}]",https://ipfs.io/ipfs/QmR3zhHSHDh6WN9n6gTjbeNkTE6t6VEK8bjQ3M1kWVXVVi,304.86855599091353,10
Monster Mash #69,"[{'trait_type': 'Character', 'value': 'Fred'}, {'trait_type': 'Background', 'value': 'Castle'}, {'trait_type': 'Skin', 'value': 'Fred Rainbow'}, {'trait_type': 'Top', 'value': 'Vest, Denim, Buttons, Blue'}, {'trait_type': 'Eyes', 'value': 'Wayfarers, Purple'}, {'trait_type': 'HeadChoice', 'value': 'Hat'}, {'trait_type': 'Hat', 'value': 'Beanie, Teal'}, {'trait_type': 'Pet', 'value': 'Bat, Pink'}, {'trait_type': 'Mouth', 'value': 'None'}, {'trait_type': 'Button', 'value': 'None'}, {'trait_type': 'Neck', 'value': 'None'}, {'trait_type': 'Hair', 'value': 'None'}, {'trait_type': 'Helmet', 'value': 'None'}, {'trait_type': 'Earrings', 'value': 'None'}, {'trait_type': 'Smoking', 'value': 'None'}]",https://ipfs.io/ipfs/QmSaWuSAo368vbvayKis1roUJzJigK9CXr1CAHmUU3W2aj,300.6004907228483,11
Monster Mash #79,"[{'trait_type': 'Character', 'value': 'Fred'}, {'trait_type': 'Background', 'value': 'Castle Wall'}, {'trait_type': 'Skin', 'value': 'Fred Teal'}, {'trait_type': 'Top', 'value': 'Jacket, Pirate'}, {'trait_type': 'Eyes', 'value': 'Laser Glow, Orange'}, {'trait_type': 'HeadChoice', 'value': 'Hat'}, {'trait_type': 'Hat', 'value': 'Hat, Eastwood'}, {'trait_type': 'Pet', 'value': 'Bat, Red'}, {'trait_type': 'Mouth', 'value': 'None'}, {'trait_type': 'Button', 'value': 'None'}, {'trait_type': 'Neck', 'value': 'None'}, {'trait_type': 'Hair', 'value': 'None'}, {'trait_type': 'Helmet', 'value': 'None'}, {'trait_type': 'Earrings', 'value': 'None'}, {'trait_type': 'Smoking', 'value': 'None'}]",https://ipfs.io/ipfs/QmcanjffTPUFg8LXkQVqdR3yEpt8zPdgwQLaanKZooNFEA,297.7685559909135,12
Monster Mash #68,"[{'trait_type': 'Character', 'value': 'Fred'}, {'trait_type': 'Background', 'value': 'Lynch'}, {'trait_type': 'Skin', 'value': 'Fred Blue'}, {'trait_type': 'Top', 'value': 'Tux '}, {'trait_type': 'Eyes', 'value': 'Laser Glow, Purple'}, {'trait_type': 'Mouth', 'value': 'None'}, {'trait_type': 'Pet', 'value': 'None'}, {'trait_type': 'Button', 'value': 'None'}, {'trait_type': 'Neck', 'value': 'None'}, {'trait_type': 'Hair', 'value': 'None'}, {'trait_type': 'HeadChoice', 'value': 'None'}, {'trait_type': 'Hat', 'value': 'None'}, {'trait_type': 'Helmet', 'value': 'None'}, {'trait_type': 'Earrings', 'value': 'None'}, {'trait_type': 'Smoking', 'value': 'None'}]",https://ipfs.io/ipfs/QmdQv4vr3A1JzwXXKXmRdP4HoPF3YEKp1DHQeaatCGrBCP,286.59882036798643,13
Monster Mash #85,"[{'trait_type': 'Character', 'value': 'Drac'}, {'trait_type': 'Background', 'value': 'Skull Pattern 2'}, {'trait_type': 'Skin', 'value': 'Drac Gold'}, {'trait_type': 'Top', 'value': 'Vest, Denim, Buttons, Black'}, {'trait_type': 'Eyes', 'value': 'Laser Glow, Blue'}, {'trait_type': 'Pet', 'value': 'Mouse, Green'}, {'trait_type': 'Mouth', 'value': 'None'}, {'trait_type': 'Button', 'value': 'None'}, {'trait_type': 'Neck', 'value': 'None'}, {'trait_type': 'Hair', 'value': 'None'}, {'trait_type': 'HeadChoice', 'value': 'None'}, {'trait_type': 'Hat', 'value': 'None'}, {'trait_type': 'Helmet', 'value': 'None'}, {'trait_type': 'Earrings', 'value': 'None'}, {'trait_type': 'Smoking', 'value': 'None'}]",https://ipfs.io/ipfs/QmP61wRkae6thvdKU3odCM8z8rqz15MTuNXRcsspR3YYpW,285.8759226982802,14
Monster Mash #15,"[{'trait_type': 'Character', 'value': 'Drac'}, {'trait_type': 'Background', 'value': 'Castle Wall'}, {'trait_type': 'Skin', 'value': 'Drac Leopard'}, {'trait_type': 'Top', 'value': 'Jacket, Striped'}, {'trait_type': 'Eyes', 'value': 'Glasses, Robot'}, {'trait_type': 'Mouth', 'value': 'None'}, {'trait_type': 'Pet', 'value': 'None'}, {'trait_type': 'Button', 'value': 'None'}, {'trait_type': 'Neck', 'value': 'None'}, {'trait_type': 'Hair', 'value': 'None'}, {'trait_type': 'HeadChoice', 'value': 'None'}, {'trait_type': 'Hat', 'value': 'None'}, {'trait_type': 'Helmet', 'value': 'None'}, {'trait_type': 'Earrings', 'value': 'None'}, {'trait_type': 'Smoking', 'value': 'None'}]",https://ipfs.io/ipfs/QmdugVqkvi6M7JxmJP6i8RUEib1eo71EaJWQ1upV5GvvkH,281.33874710791315,15
Monster Mash #96,"[{'trait_type': 'Character', 'value': 'Bride'}, {'trait_type': 'Background', 'value': 'Leopard, Pink'}, {'trait_type': 'Skin', 'value': 'Bride Blue'}, {'trait_type': 'Top', 'value': 'Bride OG Costume'}, {'trait_type': 'Neck', 'value': 'Neckerchief, Leopard, Red '}, {'trait_type': 'Eyes', 'value': 'Glasses, Pointed, Pink'}, {'trait_type': 'Hair', 'value': 'Bow, Tiger, Purple'}, {'trait_type': 'Mouth', 'value': 'None'}, {'trait_type': 'Pet', 'value': 'None'}, {'trait_type': 'Button', 'value': 'None'}, {'trait_type': 'HeadChoice', 'value': 'None'}, {'trait_type': 'Hat', 'value': 'None'}, {'trait_type': 'Helmet', 'value': 'None'}, {'trait_type': 'Earrings', 'value': 'None'}, {'trait_type': 'Smoking', 'value': 'None'}]",https://ipfs.io/ipfs/QmTY27G1Qzw2LNaUjwZrpe8JHDo13ZrGb9AC4qhLdH1a3M,280.4423077629444,16
Monster Mash #63,"[{'trait_type': 'Character', 'value': 'Bride'}, {'trait_type': 'Background', 'value': 'Leopard, Pink'}, {'trait_type': 'Skin', 'value': 'Bride Reg'}, {'trait_type': 'Top', 'value': 'Bride OG Costume'}, {'trait_type': 'Neck', 'value': 'Choker, Gold'}, {'trait_type': 'Smoking', 'value': 'Cigarette'}, {'trait_type': 'Eyes', 'value': 'Glasses, Pointed, Green'}, {'trait_type': 'Hair', 'value': 'Bow, Tiger, Pink'}, {'trait_type': 'Mouth', 'value': 'None'}, {'trait_type': 'Pet', 'value': 'None'}, {'trait_type': 'Button', 'value': 'None'}, {'trait_type': 'HeadChoice', 'value': 'None'}, {'trait_type': 'Hat', 'value': 'None'}, {'trait_type': 'Helmet', 'value': 'None'}, {'trait_type': 'Earrings', 'value': 'None'}]",https://ipfs.io/ipfs/QmPQAsDZxpRun85pPteMRL6eyV7HFMyk7TB1C7x5NQM4hd,277.4221057427424,17
Monster Mash #90,"[{'trait_type': 'Character', 'value': 'Wolfie'}, {'trait_type': 'Background', 'value': 'New Graveyard'}, {'trait_type': 'Skin', 'value': 'Wolfie Reg'}, {'trait_type': 'Top', 'value': 'Pancho, Teal'}, {'trait_type': 'Eyes', 'value': 'Eyes, Cyborg, Light Purple'}, {'trait_type': 'Mouth', 'value': 'None'}, {'trait_type': 'Pet', 'value': 'None'}, {'trait_type': 'Button', 'value': 'None'}, {'trait_type': 'Neck', 'value': 'None'}, {'trait_type': 'Hair', 'value': 'None'}, {'trait_type': 'HeadChoice', 'value': 'None'}, {'trait_type': 'Hat', 'value': 'None'}, {'trait_type': 'Helmet', 'value': 'None'}, {'trait_type': 'Earrings', 'value': 'None'}, {'trait_type': 'Smoking', 'value': 'None'}]",https://ipfs.io/ipfs/QmUB23Lv4EcoixqLTHg1qxwnsEsAKSq9UFyJ9jMhFaDzdm,275.31310608227216,18
Monster Mash #86,"[{'trait_type': 'Character', 'value': 'Mummy'}, {'trait_type': 'Background', 'value': 'Checker Blue'}, {'trait_type': 'Skin', 'value': 'Mummy Yellow'}, {'trait_type': 'Top', 'value': 'Wetsuit'}, {'trait_type': 'Eyes', 'value': 'Eyes, Headlight'}, {'trait_type': 'Pet', 'value': 'Mouse, Green'}, {'trait_type': 'Button', 'value': 'Button, Star'}, {'trait_type': 'Mouth', 'value': 'None'}, {'trait_type': 'Neck', 'value': 'None'}, {'trait_type': 'Hair', 'value': 'None'}, {'trait_type': 'HeadChoice', 'value': 'None'}, {'trait_type': 'Hat', 'value': 'None'}, {'trait_type': 'Helmet', 'value': 'None'}, {'trait_type': 'Earrings', 'value': 'None'}, {'trait_type': 'Smoking', 'value': 'None'}]",https://ipfs.io/ipfs/QmYQPmLSjpurhhRBfrcWvhWqB1Y2artHFrEhKpMvUGXNv6,271.89910700566867,19
Monster Mash #50,"[{'trait_type': 'Character', 'value': 'Frankie'}, {'trait_type': 'Background', 'value': 'Pink Fire'}, {'trait_type': 'Skin', 'value': 'Frankie Yellow'}, {'trait_type': 'Top', 'value': 'Turtleneck, Black'}, {'trait_type': 'Eyes', 'value': 'Goggles, Blue'}, {'trait_type': 'Mouth', 'value': 'None'}, {'trait_type': 'Pet', 'value': 'None'}, {'trait_type': 'Button', 'value': 'None'}, {'trait_type': 'Neck', 'value': 'None'}, {'trait_type': 'Hair', 'value': 'None'}, {'trait_type': 'HeadChoice', 'value': 'None'}, {'trait_type': 'Hat', 'value': 'None'}, {'trait_type': 'Helmet', 'value': 'None'}, {'trait_type': 'Earrings', 'value': 'None'}, {'trait_type': 'Smoking', 'value': 'None'}]",https://ipfs.io/ipfs/QmS8ivXvML8MaXEePjbMZM4Y55nWQJmxNQ6xnCKrs8keZD,264.4381060822721,20
Monster Mash #75,"[{'trait_type': 'Character', 'value': 'Frankie'}, {'trait_type': 'Background', 'value': 'Red'}, {'trait_type': 'Skin', 'value': 'Frankie Reg'}, {'trait_type': 'Top', 'value': 'Caveman, Leopard 2'}, {'trait_type': 'Eyes', 'value': 'Goggles, Saftey'}, {'trait_type': 'Mouth', 'value': 'None'}, {'trait_type': 'Pet', 'value': 'None'}, {'trait_type': 'Button', 'value': 'None'}, {'trait_type': 'Neck', 'value': 'None'}, {'trait_type': 'Hair', 'value': 'None'}, {'trait_type': 'HeadChoice', 'value': 'None'}, {'trait_type': 'Hat', 'value': 'None'}, {'trait_type': 'Helmet', 'value': 'None'}, {'trait_type': 'Earrings', 'value': 'None'}, {'trait_type': 'Smoking', 'value': 'None'}]",https://ipfs.io/ipfs/QmSaHrXkg6UqPvryM94n58Xmy6pQgYYrtmQXP2k6sJ33cy,263.1537923567819,21
Monster Mash #12,"[{'trait_type': 'Character', 'value': 'Frankie'}, {'trait_type': 'Background', 'value': 'Boom'}, {'trait_type': 'Skin', 'value': 'Frankie Reg'}, {'trait_type': 'Top', 'value': 'Clown Suit'}, {'trait_type': 'Eyes', 'value': ""Glasses, 70's""}, {'trait_type': 'Pet', 'value': 'Bat, Pink'}, {'trait_type': 'Mouth', 'value': 'None'}, {'trait_type': 'Button', 'value': 'None'}, {'trait_type': 'Neck', 'value': 'None'}, {'trait_type': 'Hair', 'value': 'None'}, {'trait_type': 'HeadChoice', 'value': 'None'}, {'trait_type': 'Hat', 'value': 'None'}, {'trait_type': 'Helmet', 'value': 'None'}, {'trait_type': 'Earrings', 'value': 'None'}, {'trait_type': 'Smoking', 'value': 'None'}]",https://ipfs.io/ipfs/QmViQoBYBVcW5g7SbiQyjZYrtEM4HeZzhY9GtVZcUwke5X,262.31660897279,22
Monster Mash #60,"[{'trait_type': 'Character', 'value': 'Fred'}, {'trait_type': 'Background', 'value': 'Castle Interior'}, {'trait_type': 'Skin', 'value': 'Fred Reg'}, {'trait_type': 'Top', 'value': 'Jacket, Leather, Red'}, {'trait_type': 'Eyes', 'value': 'Eyes, Demon'}, {'trait_type': 'Button', 'value': 'Button, Cyber Skull'}, {'trait_type': 'Mouth', 'value': 'None'}, {'trait_type': 'Pet', 'value': 'None'}, {'trait_type': 'Neck', 'value': 'None'}, {'trait_type': 'Hair', 'value': 'None'}, {'trait_type': 'HeadChoice', 'value': 'None'}, {'trait_type': 'Hat', 'value': 'None'}, {'trait_type': 'Helmet', 'value': 'None'}, {'trait_type': 'Earrings', 'value': 'None'}, {'trait_type': 'Smoking', 'value': 'None'}]",https://ipfs.io/ipfs/QmS7QYRQBNr1Ncp7smbXvNn853ZAERuAqGk8KDz15WDkb6,259.43775948793814,23
Monster Mash #39,"[{'trait_type': 'Character', 'value': 'Fred'}, {'trait_type': 'Background', 'value': 'Skull Pattern 1'}, {'trait_type': 'Skin', 'value': 'Fred Striped'}, {'trait_type': 'Top', 'value': 'Shirt, Guayabera 2'}, {'trait_type': 'Eyes', 'value': 'Wayfarers, Yellow'}, {'trait_type': 'HeadChoice', 'value': 'Hat'}, {'trait_type': 'Hat', 'value': 'Viking Helmet 1'}, {'trait_type': 'Mouth', 'value': 'None'}, {'trait_type': 'Pet', 'value': 'None'}, {'trait_type': 'Button', 'value': 'None'}, {'trait_type': 'Neck', 'value': 'None'}, {'trait_type': 'Hair', 'value': 'None'}, {'trait_type': 'Helmet', 'value': 'None'}, {'trait_type': 'Earrings', 'value': 'None'}, {'trait_type': 'Smoking', 'value': 'None'}]",https://ipfs.io/ipfs/QmWXQWoAhSqH2EWXjVyFRQHf2K1XsX3uYeZiapjYYJuit5,257.9090360782021,24
Monster Mash #57,"[{'trait_type': 'Character', 'value': 'Frankie'}, {'trait_type': 'Background', 'value': 'Dayglow Green'}, {'trait_type': 'Skin', 'value': 'Frankie Reg'}, {'trait_type': 'Top', 'value': 'Jacket, Band Leader'}, {'trait_type': 'HeadChoice', 'value': 'Hat'}, {'trait_type': 'Hat', 'value': 'Beanie, Teal'}, {'trait_type': 'Mouth', 'value': 'None'}, {'trait_type': 'Eyes', 'value': 'None'}, {'trait_type': 'Pet', 'value': 'None'}, {'trait_type': 'Button', 'value': 'None'}, {'trait_type': 'Neck', 'value': 'None'}, {'trait_type': 'Hair', 'value': 'None'}, {'trait_type': 'Helmet', 'value': 'None'}, {'trait_type': 'Earrings', 'value': 'None'}, {'trait_type': 'Smoking', 'value': 'None'}]",https://ipfs.io/ipfs/QmTdV3GYtokPcb2i2BeMkz5BUvjrC5F6rCP85jSXyYY7qn,256.5354366384262,25
Monster Mash #33,"[{'trait_type': 'Character', 'value': 'Wolfie'}, {'trait_type': 'Background', 'value': 'Castle'}, {'trait_type': 'Skin', 'value': 'Wolfie Reg'}, {'trait_type': 'Top', 'value': 'Sailor Outfit'}, {'trait_type': 'Eyes', 'value': 'Wayfarers, Yellow'}, {'trait_type': 'HeadChoice', 'value': 'Hat'}, {'trait_type': 'Hat', 'value': 'Beanie, Blue'}, {'trait_type': 'Pet', 'value': 'Spider, Purple'}, {'trait_type': 'Button', 'value': 'Button, Cyber Skull'}, {'trait_type': 'Mouth', 'value': 'None'}, {'trait_type': 'Neck', 'value': 'None'}, {'trait_type': 'Hair', 'value': 'None'}, {'trait_type': 'Helmet', 'value': 'None'}, {'trait_type': 'Earrings', 'value': 'None'}, {'trait_type': 'Smoking', 'value': 'None'}]",https://ipfs.io/ipfs/QmQ49Q1DzrTiVD9xEJ45yJCDPa65FbXQcDCH2nP8NGszmK,255.6403416969034,26
Monster Mash #67,"[{'trait_type': 'Character', 'value': 'Fred'}, {'trait_type': 'Background', 'value': 'Graveyard'}, {'trait_type': 'Skin', 'value': 'Fred Reg'}, {'trait_type': 'Top', 'value': 'Jacket, Leather, Purple'}, {'trait_type': 'Eyes', 'value': 'Glasses, Round, Teal'}, {'trait_type': 'HeadChoice', 'value': 'Hat'}, {'trait_type': 'Hat', 'value': 'Baseball Hat, Monster'}, {'trait_type': 'Pet', 'value': 'Mouse, Teal'}, {'trait_type': 'Mouth', 'value': 'None'}, {'trait_type': 'Button', 'value': 'None'}, {'trait_type': 'Neck', 'value': 'None'}, {'trait_type': 'Hair', 'value': 'None'}, {'trait_type': 'Helmet', 'value': 'None'}, {'trait_type': 'Earrings', 'value': 'None'}, {'trait_type': 'Smoking', 'value': 'None'}]",https://ipfs.io/ipfs/QmaF7xR6N4NMtUjckBwW21YmXMbuA7nDgBwqX7BMBg91vu,251.16715738951493,27
Monster Mash #8,"[{'trait_type': 'Character', 'value': 'Mummy'}, {'trait_type': 'Background', 'value': 'MM Pattern 2'}, {'trait_type': 'Skin', 'value': 'Mummy OG'}, {'trait_type': 'Top', 'value': 'Jersey, Football, Purple'}, {'trait_type': 'Mouth', 'value': 'Mustache, Handlebar'}, {'trait_type': 'Eyes', 'value': 'Wayfarers, Orange'}, {'trait_type': 'Pet', 'value': 'Mouse, Red'}, {'trait_type': 'Button', 'value': 'Button, Bat'}, {'trait_type': 'Neck', 'value': 'None'}, {'trait_type': 'Hair', 'value': 'None'}, {'trait_type': 'HeadChoice', 'value': 'None'}, {'trait_type': 'Hat', 'value': 'None'}, {'trait_type': 'Helmet', 'value': 'None'}, {'trait_type': 'Earrings', 'value': 'None'}, {'trait_type': 'Smoking', 'value': 'None'}]",https://ipfs.io/ipfs/QmWVaVTRNsa8ZeK8hrD4gB29iPDQq9D65vvGfAB9RYw2SX,251.1102181167798,28
Monster Mash #29,"[{'trait_type': 'Character', 'value': 'Fred'}, {'trait_type': 'Background', 'value': 'Lab'}, {'trait_type': 'Skin', 'value': 'Fred Reg'}, {'trait_type': 'Top', 'value': 'Polo, Violet'}, {'trait_type': 'Mouth', 'value': 'Mask, Cloth, Blue'}, {'trait_type': 'Eyes', 'value': 'Goggles, Blue'}, {'trait_type': 'Pet', 'value': 'Spider, Red'}, {'trait_type': 'Button', 'value': 'None'}, {'trait_type': 'Neck', 'value': 'None'}, {'trait_type': 'Hair', 'value': 'None'}, {'trait_type': 'HeadChoice', 'value': 'None'}, {'trait_type': 'Hat', 'value': 'None'}, {'trait_type': 'Helmet', 'value': 'None'}, {'trait_type': 'Earrings', 'value': 'None'}, {'trait_type': 'Smoking', 'value': 'None'}]",https://ipfs.io/ipfs/QmcZs72GFRNMevD1EHdThw3zooqaXKwmrUgtyoUbiy78xk,246.15370047605802,29
Monster Mash #28,"[{'trait_type': 'Character', 'value': 'Drac'}, {'trait_type': 'Background', 'value': 'Checker Purple'}, {'trait_type': 'Skin', 'value': 'Drac Reg'}, {'trait_type': 'Top', 'value': 'Drac OG Costume'}, {'trait_type': 'Eyes', 'value': 'Glasses, Round, Rose'}, {'trait_type': 'HeadChoice', 'value': 'Helmet'}, {'trait_type': 'Helmet', 'value': 'Helmet, Football, Purple'}, {'trait_type': 'Mouth', 'value': 'None'}, {'trait_type': 'Pet', 'value': 'None'}, {'trait_type': 'Button', 'value': 'None'}, {'trait_type': 'Neck', 'value': 'None'}, {'trait_type': 'Hair', 'value': 'None'}, {'trait_type': 'Hat', 'value': 'None'}, {'trait_type': 'Earrings', 'value': 'None'}, {'trait_type': 'Smoking', 'value': 'None'}]",https://ipfs.io/ipfs/QmTDh4cCHYzxwEmoTrsFjnf7rHvaTdSMeTcWr6rB4Uygq3,243.85810124524485,30
Monster Mash #58,"[{'trait_type': 'Character', 'value': 'Drac'}, {'trait_type': 'Background', 'value': 'Cosmic'}, {'trait_type': 'Skin', 'value': 'Drac Pink'}, {'trait_type': 'Top', 'value': 'Clown Suit'}, {'trait_type': 'HeadChoice', 'value': 'Hat'}, {'trait_type': 'Hat', 'value': 'Flat Cap, Monster, Pink'}, {'trait_type': 'Mouth', 'value': 'None'}, {'trait_type': 'Eyes', 'value': 'None'}, {'trait_type': 'Pet', 'value': 'None'}, {'trait_type': 'Button', 'value': 'None'}, {'trait_type': 'Neck', 'value': 'None'}, {'trait_type': 'Hair', 'value': 'None'}, {'trait_type': 'Helmet', 'value': 'None'}, {'trait_type': 'Earrings', 'value': 'None'}, {'trait_type': 'Smoking', 'value': 'None'}]",https://ipfs.io/ipfs/QmUSoYQETH93PNSzbkwif7YBp6EYbwVVENZYajsaEWiy8P,242.52808369724977,31
Monster Mash #24,"[{'trait_type': 'Character', 'value': 'Frankie'}, {'trait_type': 'Background', 'value': 'Lab'}, {'trait_type': 'Skin', 'value': 'Frankie Reg'}, {'trait_type': 'Top', 'value': 'Samurai Armor, Red'}, {'trait_type': 'Eyes', 'value': 'Eyes, Detached'}, {'trait_type': 'HeadChoice', 'value': 'Hat'}, {'trait_type': 'Hat', 'value': 'Beanie, Black'}, {'trait_type': 'Mouth', 'value': 'None'}, {'trait_type': 'Pet', 'value': 'None'}, {'trait_type': 'Button', 'value': 'None'}, {'trait_type': 'Neck', 'value': 'None'}, {'trait_type': 'Hair', 'value': 'None'}, {'trait_type': 'Helmet', 'value': 'None'}, {'trait_type': 'Earrings', 'value': 'None'}, {'trait_type': 'Smoking', 'value': 'None'}]",https://ipfs.io/ipfs/QmT7eHCAD3RYv5kFLDEk7nq1M5Q7NEuxW5WH2emiWW96tZ,242.4163890193786,32
Monster Mash #35,"[{'trait_type': 'Character', 'value': 'Drac'}, {'trait_type': 'Background', 'value': 'Castle'}, {'trait_type': 'Skin', 'value': 'Drac Reg'}, {'trait_type': 'Top', 'value': 'Polo, Black'}, {'trait_type': 'Mouth', 'value': 'Mustache, Handlebar'}, {'trait_type': 'Eyes', 'value': 'Eyes, Cyborg, Pink'}, {'trait_type': 'HeadChoice', 'value': 'Helmet'}, {'trait_type': 'Helmet', 'value': 'Helmet, Samurai, Orange'}, {'trait_type': 'Pet', 'value': 'None'}, {'trait_type': 'Button', 'value': 'None'}, {'trait_type': 'Neck', 'value': 'None'}, {'trait_type': 'Hair', 'value': 'None'}, {'trait_type': 'Hat', 'value': 'None'}, {'trait_type': 'Earrings', 'value': 'None'}, {'trait_type': 'Smoking', 'value': 'None'}]",https://ipfs.io/ipfs/QmSGtZSjqTB8bRvMvw6PnqHgvXiSrWFyAsuThN2sqtCHgp,241.56012144726506,33
Monster Mash #65,"[{'trait_type': 'Character', 'value': 'Wolfie'}, {'trait_type': 'Background', 'value': 'Castle Wall'}, {'trait_type': 'Skin', 'value': 'Wolfie Teal'}, {'trait_type': 'Top', 'value': 'Tee, Skull, Pink'}, {'trait_type': 'Eyes', 'value': 'Goggles, Saftey'}, {'trait_type': 'HeadChoice', 'value': 'Helmet'}, {'trait_type': 'Helmet', 'value': 'Helmet, Samurai, Gold'}, {'trait_type': 'Pet', 'value': 'Spider, Green'}, {'trait_type': 'Mouth', 'value': 'None'}, {'trait_type': 'Button', 'value': 'None'}, {'trait_type': 'Neck', 'value': 'None'}, {'trait_type': 'Hair', 'value': 'None'}, {'trait_type': 'Hat', 'value': 'None'}, {'trait_type': 'Earrings', 'value': 'None'}, {'trait_type': 'Smoking', 'value': 'None'}]",https://ipfs.io/ipfs/QmZiZED66n7DQnqgfMSRMjboDWcDUUAGKLHHpooEw8TSAa,241.46582052413314,34
Monster Mash #48,"[{'trait_type': 'Character', 'value': 'Wolfie'}, {'trait_type': 'Background', 'value': 'Checker Purple'}, {'trait_type': 'Skin', 'value': 'Wolfie Reg'}, {'trait_type': 'Top', 'value': 'Wetsuit '}, {'trait_type': 'Eyes', 'value': 'Aviators, Gold'}, {'trait_type': 'HeadChoice', 'value': 'Hat'}, {'trait_type': 'Hat', 'value': 'Flip Cap, Monster, Pink'}, {'trait_type': 'Mouth', 'value': 'None'}, {'trait_type': 'Pet', 'value': 'None'}, {'trait_type': 'Button', 'value': 'None'}, {'trait_type': 'Neck', 'value': 'None'}, {'trait_type': 'Hair', 'value': 'None'}, {'trait_type': 'Helmet', 'value': 'None'}, {'trait_type': 'Earrings', 'value': 'None'}, {'trait_type': 'Smoking', 'value': 'None'}]",https://ipfs.io/ipfs/QmVLrxyB7EHyjCQZshrquGgn6QjSqvkyjAjWBcDBi16atM,241.0757027448688,35
Monster Mash #6,"[{'trait_type': 'Character', 'value': 'Drac'}, {'trait_type': 'Background', 'value': 'Pink Fire'}, {'trait_type': 'Skin', 'value': 'Drac Yellow'}, {'trait_type': 'Top', 'value': 'Tank, Pink'}, {'trait_type': 'Mouth', 'value': 'Mustache, Villian'}, {'trait_type': 'Neck', 'value': 'Rope Chain, Gold'}, {'trait_type': 'Eyes', 'value': 'Wayfarers, Red'}, {'trait_type': 'HeadChoice', 'value': 'Hat'}, {'trait_type': 'Hat', 'value': 'Baseball Hat, Skull Logo'}, {'trait_type': 'Pet', 'value': 'Spider, Purple'}, {'trait_type': 'Button', 'value': 'None'}, {'trait_type': 'Hair', 'value': 'None'}, {'trait_type': 'Helmet', 'value': 'None'}, {'trait_type': 'Earrings', 'value': 'None'}, {'trait_type': 'Smoking', 'value': 'None'}]",https://ipfs.io/ipfs/QmaZLydEnFVR74pXKGqSP3GQcJ7dnJYs8h2WyLHHWiGZkw,238.66775156657968,36
Monster Mash #97,"[{'trait_type': 'Character', 'value': 'Frankie'}, {'trait_type': 'Background', 'value': 'Kubrick'}, {'trait_type': 'Skin', 'value': 'Frankie Rainbow'}, {'trait_type': 'Top', 'value': 'Tee, Skull, Pink'}, {'trait_type': 'Mouth', 'value': 'Mask, Cloth, Red'}, {'trait_type': 'Eyes', 'value': 'Monocle'}, {'trait_type': 'Button', 'value': 'Button, Monster Supreme'}, {'trait_type': 'Pet', 'value': 'None'}, {'trait_type': 'Neck', 'value': 'None'}, {'trait_type': 'Hair', 'value': 'None'}, {'trait_type': 'HeadChoice', 'value': 'None'}, {'trait_type': 'Hat', 'value': 'None'}, {'trait_type': 'Helmet', 'value': 'None'}, {'trait_type': 'Earrings', 'value': 'None'}, {'trait_type': 'Smoking', 'value': 'None'}]",https://ipfs.io/ipfs/QmXQNsQSNibQBTu9bpf1FpmEXZKY4BrRDnU29FGHM2kciy,238.47387059904932,37
Monster Mash #22,"[{'trait_type': 'Character', 'value': 'Frankie'}, {'trait_type': 'Background', 'value': 'Castle Interior'}, {'trait_type': 'Skin', 'value': 'Frankie Blue'}, {'trait_type': 'Top', 'value': 'Wizard Robes'}, {'trait_type': 'Eyes', 'value': 'Glasses, Round, Teal'}, {'trait_type': 'HeadChoice', 'value': 'Helmet'}, {'trait_type': 'Helmet', 'value': 'Helmet, Football, Gold'}, {'trait_type': 'Pet', 'value': 'Mouse, Pink'}, {'trait_type': 'Mouth', 'value': 'None'}, {'trait_type': 'Button', 'value': 'None'}, {'trait_type': 'Neck', 'value': 'None'}, {'trait_type': 'Hair', 'value': 'None'}, {'trait_type': 'Hat', 'value': 'None'}, {'trait_type': 'Earrings', 'value': 'None'}, {'trait_type': 'Smoking', 'value': 'None'}]",https://ipfs.io/ipfs/Qmdf4qQYS6a51NAxuvSMJskQpmP2LjAsi4qaWgsoGVUSny,236.89851283182546,38
Monster Mash #59,"[{'trait_type': 'Character', 'value': 'Frankie'}, {'trait_type': 'Background', 'value': 'MM Pattern 1'}, {'trait_type': 'Skin', 'value': 'Frankie Reg'}, {'trait_type': 'Top', 'value': 'Vest, Denim, Black'}, {'trait_type': 'Eyes', 'value': 'Eyes, Cyborg, Red'}, {'trait_type': 'Pet', 'value': 'Bat, Blue'}, {'trait_type': 'Mouth', 'value': 'None'}, {'trait_type': 'Button', 'value': 'None'}, {'trait_type': 'Neck', 'value': 'None'}, {'trait_type': 'Hair', 'value': 'None'}, {'trait_type': 'HeadChoice', 'value': 'None'}, {'trait_type': 'Hat', 'value': 'None'}, {'trait_type': 'Helmet', 'value': 'None'}, {'trait_type': 'Earrings', 'value': 'None'}, {'trait_type': 'Smoking', 'value': 'None'}]",https://ipfs.io/ipfs/QmV5znt1fdmoDX6mR2XuAk3QCLoAuyFwiYA39w7j3DRzkN,236.04994230612337,39
Monster Mash #83,"[{'trait_type': 'Character', 'value': 'Wolfie'}, {'trait_type': 'Background', 'value': 'Liquid Abstract'}, {'trait_type': 'Skin', 'value': 'Wolfie Teal Face'}, {'trait_type': 'Top', 'value': 'Caveman, Tiger 1'}, {'trait_type': 'HeadChoice', 'value': 'Hat'}, {'trait_type': 'Hat', 'value': 'Hat, Traditional Chinese'}, {'trait_type': 'Pet', 'value': 'Bat, Red'}, {'trait_type': 'Mouth', 'value': 'None'}, {'trait_type': 'Eyes', 'value': 'None'}, {'trait_type': 'Button', 'value': 'None'}, {'trait_type': 'Neck', 'value': 'None'}, {'trait_type': 'Hair', 'value': 'None'}, {'trait_type': 'Helmet', 'value': 'None'}, {'trait_type': 'Earrings', 'value': 'None'}, {'trait_type': 'Smoking', 'value': 'None'}]",https://ipfs.io/ipfs/QmVKCBsYiXqnABEu44W6qYFwFQw462xwBmh79PnS6n2YpY,232.3619625843201,40
Monster Mash #70,"[{'trait_type': 'Character', 'value': 'Mummy'}, {'trait_type': 'Background', 'value': 'Checker Orange'}, {'trait_type': 'Skin', 'value': 'Mummy Stripes'}, {'trait_type': 'Top', 'value': 'Jacket, Puffer, Blue'}, {'trait_type': 'Eyes', 'value': 'Goggles, VR'}, {'trait_type': 'HeadChoice', 'value': 'Hat'}, {'trait_type': 'Hat', 'value': 'Hat, Bell Hop'}, {'trait_type': 'Pet', 'value': 'Mouse, Red'}, {'trait_type': 'Button', 'value': 'Button, Monster Smiley'}, {'trait_type': 'Mouth', 'value': 'None'}, {'trait_type': 'Neck', 'value': 'None'}, {'trait_type': 'Hair', 'value': 'None'}, {'trait_type': 'Helmet', 'value': 'None'}, {'trait_type': 'Earrings', 'value': 'None'}, {'trait_type': 'Smoking', 'value': 'None'}]",https://ipfs.io/ipfs/QmcSZvFwymNvi4eDJUQijhbw7tHB67zZQVUfwtYohz4JNG,232.1994326059943,41
Monster Mash #61,"[{'trait_type': 'Character', 'value': 'Frankie'}, {'trait_type': 'Background', 'value': 'Liquid Abstract'}, {'trait_type': 'Skin', 'value': 'Frankie Reg'}, {'trait_type': 'Top', 'value': 'Vest, Leather, Brown'}, {'trait_type': 'Eyes', 'value': 'Glasses, Round, Purple'}, {'trait_type': 'HeadChoice', 'value': 'Hat'}, {'trait_type': 'Hat', 'value': 'Beanie, Black'}, {'trait_type': 'Button', 'value': 'Button, Bat'}, {'trait_type': 'Mouth', 'value': 'None'}, {'trait_type': 'Pet', 'value': 'None'}, {'trait_type': 'Neck', 'value': 'None'}, {'trait_type': 'Hair', 'value': 'None'}, {'trait_type': 'Helmet', 'value': 'None'}, {'trait_type': 'Earrings', 'value': 'None'}, {'trait_type': 'Smoking', 'value': 'None'}]",https://ipfs.io/ipfs/QmeZwDy7pfuTm4iesZBrWDam979DT7nqHgRS2V2PD62aq7,232.11210469610694,42
Monster Mash #77,"[{'trait_type': 'Character', 'value': 'Wolfie'}, {'trait_type': 'Background', 'value': 'Graveyard'}, {'trait_type': 'Skin', 'value': 'Wolfie Grape'}, {'trait_type': 'Top', 'value': 'Robot Suit'}, {'trait_type': 'Eyes', 'value': 'Wayfarers, Cobalt'}, {'trait_type': 'HeadChoice', 'value': 'Helmet'}, {'trait_type': 'Helmet', 'value': 'Helmet, Moto, Shield'}, {'trait_type': 'Button', 'value': 'Button, Skull'}, {'trait_type': 'Mouth', 'value': 'None'}, {'trait_type': 'Pet', 'value': 'None'}, {'trait_type': 'Neck', 'value': 'None'}, {'trait_type': 'Hair', 'value': 'None'}, {'trait_type': 'Hat', 'value': 'None'}, {'trait_type': 'Earrings', 'value': 'None'}, {'trait_type': 'Smoking', 'value': 'None'}]",https://ipfs.io/ipfs/QmasAn6jCThS5sGBAJAB8WW9NKC5oQ16SC4BwEeRhxwQs1,230.55959204572585,43
Monster Mash #82,"[{'trait_type': 'Character', 'value': 'Mummy'}, {'trait_type': 'Background', 'value': 'Checker Orange'}, {'trait_type': 'Skin', 'value': 'Mummy Stripes'}, {'trait_type': 'Top', 'value': 'Jacket, Puffer, Blue'}, {'trait_type': 'Eyes', 'value': 'Glasses, Round, Rose'}, {'trait_type': 'HeadChoice', 'value': 'Hat'}, {'trait_type': 'Hat', 'value': 'Hat, Eastwood'}, {'trait_type': 'Pet', 'value': 'Bat, Purple'}, {'trait_type': 'Mouth', 'value': 'None'}, {'trait_type': 'Button', 'value': 'None'}, {'trait_type': 'Neck', 'value': 'None'}, {'trait_type': 'Hair', 'value': 'None'}, {'trait_type': 'Helmet', 'value': 'None'}, {'trait_type': 'Earrings', 'value': 'None'}, {'trait_type': 'Smoking', 'value': 'None'}]",https://ipfs.io/ipfs/QmW4vYcGDxK8tTMgzWDb3r8WCbxmiWWqcDfXvUeE1pJCk6,228.5929149652725,44
Monster Mash #87,"[{'trait_type': 'Character', 'value': 'Frankie'}, {'trait_type': 'Background', 'value': 'Graveyard'}, {'trait_type': 'Skin', 'value': 'Frankie Purple'}, {'trait_type': 'Top', 'value': 'Jacket, Puffer, Orange'}, {'trait_type': 'Eyes', 'value': 'Aviators, Copper'}, {'trait_type': 'Pet', 'value': 'Spider, Blue'}, {'trait_type': 'Mouth', 'value': 'None'}, {'trait_type': 'Button', 'value': 'None'}, {'trait_type': 'Neck', 'value': 'None'}, {'trait_type': 'Hair', 'value': 'None'}, {'trait_type': 'HeadChoice', 'value': 'None'}, {'trait_type': 'Hat', 'value': 'None'}, {'trait_type': 'Helmet', 'value': 'None'}, {'trait_type': 'Earrings', 'value': 'None'}, {'trait_type': 'Smoking', 'value': 'None'}]",https://ipfs.io/ipfs/QmWEgDcSKoETpWioEKjoiG4tnqs4mGpUTnwkZUhx2JE9zc,227.508498455856,45
Monster Mash #66,"[{'trait_type': 'Character', 'value': 'Drac'}, {'trait_type': 'Background', 'value': 'MM Pattern 3'}, {'trait_type': 'Skin', 'value': 'Drac Reg'}, {'trait_type': 'Top', 'value': 'Turtleneck, Dark Green'}, {'trait_type': 'Eyes', 'value': 'Aviators, Copper'}, {'trait_type': 'Mouth', 'value': 'None'}, {'trait_type': 'Pet', 'value': 'None'}, {'trait_type': 'Button', 'value': 'None'}, {'trait_type': 'Neck', 'value': 'None'}, {'trait_type': 'Hair', 'value': 'None'}, {'trait_type': 'HeadChoice', 'value': 'None'}, {'trait_type': 'Hat', 'value': 'None'}, {'trait_type': 'Helmet', 'value': 'None'}, {'trait_type': 'Earrings', 'value': 'None'}, {'trait_type': 'Smoking', 'value': 'None'}]",https://ipfs.io/ipfs/QmeVyC3DeEPYNaP2hof1qpMhc3jWiUVNvgkYdNSMQSQ6gU,226.31310608227213,46
Monster Mash #47,"[{'trait_type': 'Character', 'value': 'Frankie'}, {'trait_type': 'Background', 'value': 'New Graveyard'}, {'trait_type': 'Skin', 'value': 'Frankie Reg'}, {'trait_type': 'Top', 'value': 'Vest, Leather, Bandolier, Black'}, {'trait_type': 'Eyes', 'value': 'Eyes, Headlight'}, {'trait_type': 'HeadChoice', 'value': 'Hat'}, {'trait_type': 'Hat', 'value': 'Hat, Bell Hop'}, {'trait_type': 'Mouth', 'value': 'None'}, {'trait_type': 'Pet', 'value': 'None'}, {'trait_type': 'Button', 'value': 'None'}, {'trait_type': 'Neck', 'value': 'None'}, {'trait_type': 'Hair', 'value': 'None'}, {'trait_type': 'Helmet', 'value': 'None'}, {'trait_type': 'Earrings', 'value': 'None'}, {'trait_type': 'Smoking', 'value': 'None'}]",https://ipfs.io/ipfs/QmfKnAP3TYDnFAHA4D64x9SAHaWPCjvYiDNmJyFQVzy4Mv,224.4163890193786,47
Monster Mash #73,"[{'trait_type': 'Character', 'value': 'Drac'}, {'trait_type': 'Background', 'value': 'Castle Wall'}, {'trait_type': 'Skin', 'value': 'Drac Reg'}, {'trait_type': 'Top', 'value': 'Rain Trench, Purple'}, {'trait_type': 'Eyes', 'value': 'Goggles, Scuba'}, {'trait_type': 'Pet', 'value': 'Mouse, Blue'}, {'trait_type': 'Mouth', 'value': 'None'}, {'trait_type': 'Button', 'value': 'None'}, {'trait_type': 'Neck', 'value': 'None'}, {'trait_type': 'Hair', 'value': 'None'}, {'trait_type': 'HeadChoice', 'value': 'None'}, {'trait_type': 'Hat', 'value': 'None'}, {'trait_type': 'Helmet', 'value': 'None'}, {'trait_type': 'Earrings', 'value': 'None'}, {'trait_type': 'Smoking', 'value': 'None'}]",https://ipfs.io/ipfs/QmaaZKB1CKrrdT8ihC5kFsru7wB6EckcC4xAWdfdf9Zby6,220.56823039058796,48
Monster Mash #43,"[{'trait_type': 'Character', 'value': 'Frankie'}, {'trait_type': 'Background', 'value': 'Cosmic'}, {'trait_type': 'Skin', 'value': 'Frankie Purple'}, {'trait_type': 'Top', 'value': 'Robot Suit'}, {'trait_type': 'Mouth', 'value': 'Mustache, Handlebar'}, {'trait_type': 'Eyes', 'value': 'Wayfarers, Red'}, {'trait_type': 'HeadChoice', 'value': 'Hat'}, {'trait_type': 'Hat', 'value': 'Halo'}, {'trait_type': 'Pet', 'value': 'None'}, {'trait_type': 'Button', 'value': 'None'}, {'trait_type': 'Neck', 'value': 'None'}, {'trait_type': 'Hair', 'value': 'None'}, {'trait_type': 'Helmet', 'value': 'None'}, {'trait_type': 'Earrings', 'value': 'None'}, {'trait_type': 'Smoking', 'value': 'None'}]",https://ipfs.io/ipfs/QmbrdZWFe4TsJXWm2ka58ZfxHRAFmPAAWFvgQUkPUpkod2,220.4784805226466,49
Monster Mash #5,"[{'trait_type': 'Character', 'value': 'Frankie'}, {'trait_type': 'Background', 'value': 'MM Pattern 1'}, {'trait_type': 'Skin', 'value': 'Frankie Reg'}, {'trait_type': 'Top', 'value': 'Jacket, Leather'}, {'trait_type': 'Eyes', 'value': 'Wayfarers, Blue'}, {'trait_type': 'Mouth', 'value': 'None'}, {'trait_type': 'Pet', 'value': 'None'}, {'trait_type': 'Button', 'value': 'None'}, {'trait_type': 'Neck', 'value': 'None'}, {'trait_type': 'Hair', 'value': 'None'}, {'trait_type': 'HeadChoice', 'value': 'None'}, {'trait_type': 'Hat', 'value': 'None'}, {'trait_type': 'Helmet', 'value': 'None'}, {'trait_type': 'Earrings', 'value': 'None'}, {'trait_type': 'Smoking', 'value': 'None'}]",https://ipfs.io/ipfs/QmWUQeMYkc1UDGtahds6mjRRGX3dydx5dXNVNeCYmAjina,220.3204590234486,50
Monster Mash #30,"[{'trait_type': 'Character', 'value': 'Frankie'}, {'trait_type': 'Background', 'value': 'Castle'}, {'trait_type': 'Skin', 'value': 'Frankie Swirl'}, {'trait_type': 'Top', 'value': 'Jacket, Puffer, Purple'}, {'trait_type': 'Eyes', 'value': 'Goggles, Saftey'}, {'trait_type': 'Pet', 'value': 'Bat, Pink'}, {'trait_type': 'Mouth', 'value': 'None'}, {'trait_type': 'Button', 'value': 'None'}, {'trait_type': 'Neck', 'value': 'None'}, {'trait_type': 'Hair', 'value': 'None'}, {'trait_type': 'HeadChoice', 'value': 'None'}, {'trait_type': 'Hat', 'value': 'None'}, {'trait_type': 'Helmet', 'value': 'None'}, {'trait_type': 'Earrings', 'value': 'None'}, {'trait_type': 'Smoking', 'value': 'None'}]",https://ipfs.io/ipfs/QmPARNL4HrEDkgcCo62wzG4z9VcPVw7LTABHtKVjewDzCL,217.69183178918934,51
Monster Mash #93,"[{'trait_type': 'Character', 'value': 'Wolfie'}, {'trait_type': 'Background', 'value': 'MM Pattern 3'}, {'trait_type': 'Skin', 'value': 'Wolfie Teal Face'}, {'trait_type': 'Top', 'value': 'Raincoat, Yellow'}, {'trait_type': 'Eyes', 'value': 'Eyes, Laser Beam'}, {'trait_type': 'HeadChoice', 'value': 'Helmet'}, {'trait_type': 'Helmet', 'value': 'Helmet, Samurai, Blue'}, {'trait_type': 'Button', 'value': 'Button, Monster Supreme'}, {'trait_type': 'Mouth', 'value': 'None'}, {'trait_type': 'Pet', 'value': 'None'}, {'trait_type': 'Neck', 'value': 'None'}, {'trait_type': 'Hair', 'value': 'None'}, {'trait_type': 'Hat', 'value': 'None'}, {'trait_type': 'Earrings', 'value': 'None'}, {'trait_type': 'Smoking', 'value': 'None'}]",https://ipfs.io/ipfs/QmfYH1rnP9Vmg2J7stq7pYvMyyRQS3G9fXBC5tdVUPh4c9,215.1353496214834,52
Monster Mash #25,"[{'trait_type': 'Character', 'value': 'Frankie'}, {'trait_type': 'Background', 'value': 'Skull Pattern 4'}, {'trait_type': 'Skin', 'value': 'Frankie Reg'}, {'trait_type': 'Top', 'value': 'Jacket, Flannel, Blue'}, {'trait_type': 'Eyes', 'value': 'Goggles, Scuba'}, {'trait_type': 'Pet', 'value': 'Bat, Purple'}, {'trait_type': 'Mouth', 'value': 'None'}, {'trait_type': 'Button', 'value': 'None'}, {'trait_type': 'Neck', 'value': 'None'}, {'trait_type': 'Hair', 'value': 'None'}, {'trait_type': 'HeadChoice', 'value': 'None'}, {'trait_type': 'Hat', 'value': 'None'}, {'trait_type': 'Helmet', 'value': 'None'}, {'trait_type': 'Earrings', 'value': 'None'}, {'trait_type': 'Smoking', 'value': 'None'}]",https://ipfs.io/ipfs/QmWfTVNjQWKtBfBfv2WeGqwYWZEoKu8FqKQ6t8NJYdG8bs,214.4832756394567,53
Monster Mash #94,"[{'trait_type': 'Character', 'value': 'Wolfie'}, {'trait_type': 'Background', 'value': 'Lab'}, {'trait_type': 'Skin', 'value': 'Wolfie Teal Face'}, {'trait_type': 'Top', 'value': 'Jersey, Basketball, Orange'}, {'trait_type': 'Eyes', 'value': 'Glasses, Round, Purple'}, {'trait_type': 'Pet', 'value': 'Spider, Pink'}, {'trait_type': 'Mouth', 'value': 'None'}, {'trait_type': 'Button', 'value': 'None'}, {'trait_type': 'Neck', 'value': 'None'}, {'trait_type': 'Hair', 'value': 'None'}, {'trait_type': 'HeadChoice', 'value': 'None'}, {'trait_type': 'Hat', 'value': 'None'}, {'trait_type': 'Helmet', 'value': 'None'}, {'trait_type': 'Earrings', 'value': 'None'}, {'trait_type': 'Smoking', 'value': 'None'}]",https://ipfs.io/ipfs/QmRhGMnwsTXSsYtWfFJ1rhAs7HcifdgyBo5r4cDYAL5Tac,212.26481158716913,54
Monster Mash #10,"[{'trait_type': 'Character', 'value': 'Wolfie'}, {'trait_type': 'Background', 'value': 'Pink'}, {'trait_type': 'Skin', 'value': 'Wolfie Checker'}, {'trait_type': 'Top', 'value': 'Tank, Pink'}, {'trait_type': 'Eyes', 'value': 'Goggles, Saftey'}, {'trait_type': 'HeadChoice', 'value': 'Hat'}, {'trait_type': 'Hat', 'value': 'Army Hat'}, {'trait_type': 'Pet', 'value': 'Bat, Purple'}, {'trait_type': 'Mouth', 'value': 'None'}, {'trait_type': 'Button', 'value': 'None'}, {'trait_type': 'Neck', 'value': 'None'}, {'trait_type': 'Hair', 'value': 'None'}, {'trait_type': 'Helmet', 'value': 'None'}, {'trait_type': 'Earrings', 'value': 'None'}, {'trait_type': 'Smoking', 'value': 'None'}]",https://ipfs.io/ipfs/Qmemu8wBWqaGtKeYZt5y1RZkYas5RThVmGfifRqeJQJihU,211.67624829860583,55
Monster Mash #64,"[{'trait_type': 'Character', 'value': 'Drac'}, {'trait_type': 'Background', 'value': 'Castle Wall'}, {'trait_type': 'Skin', 'value': 'Drac Blue'}, {'trait_type': 'Top', 'value': 'Tank, Pink'}, {'trait_type': 'Eyes', 'value': 'Wayfarers, Pink'}, {'trait_type': 'Mouth', 'value': 'None'}, {'trait_type': 'Pet', 'value': 'None'}, {'trait_type': 'Button', 'value': 'None'}, {'trait_type': 'Neck', 'value': 'None'}, {'trait_type': 'Hair', 'value': 'None'}, {'trait_type': 'HeadChoice', 'value': 'None'}, {'trait_type': 'Hat', 'value': 'None'}, {'trait_type': 'Helmet', 'value': 'None'}, {'trait_type': 'Earrings', 'value': 'None'}, {'trait_type': 'Smoking', 'value': 'None'}]",https://ipfs.io/ipfs/Qmf3zoYZhcaXmG7PpmLJazRi6JBeeCgJLfuRaLchs5ESiF,208.33874710791315,56
Monster Mash #52,"[{'trait_type': 'Character', 'value': 'Frankie'}, {'trait_type': 'Background', 'value': 'Graveyard'}, {'trait_type': 'Skin', 'value': 'Frankie Rainbow'}, {'trait_type': 'Top', 'value': 'Shirt, Guayabera 3'}, {'trait_type': 'Eyes', 'value': 'Goggles, Scuba'}, {'trait_type': 'HeadChoice', 'value': 'Hat'}, {'trait_type': 'Hat', 'value': 'Hat, Traditional Chinese'}, {'trait_type': 'Mouth', 'value': 'None'}, {'trait_type': 'Pet', 'value': 'None'}, {'trait_type': 'Button', 'value': 'None'}, {'trait_type': 'Neck', 'value': 'None'}, {'trait_type': 'Hair', 'value': 'None'}, {'trait_type': 'Helmet', 'value': 'None'}, {'trait_type': 'Earrings', 'value': 'None'}, {'trait_type': 'Smoking', 'value': 'None'}]",https://ipfs.io/ipfs/QmTy8f6vxXJ1YSJWmyFv63SmYSpxVZq1x6jwZJqxxxGARf,206.12494516911121,57
Monster Mash #37,"[{'trait_type': 'Character', 'value': 'Drac'}, {'trait_type': 'Background', 'value': 'Castle Wall'}, {'trait_type': 'Skin', 'value': 'Drac Reg'}, {'trait_type': 'Top', 'value': 'Jersey, Soccer 1'}, {'trait_type': 'Eyes', 'value': 'Eyes, Cyborg, Green'}, {'trait_type': 'HeadChoice', 'value': 'Hat'}, {'trait_type': 'Hat', 'value': 'Hat, Mariachi'}, {'trait_type': 'Pet', 'value': 'Mouse, Red'}, {'trait_type': 'Mouth', 'value': 'None'}, {'trait_type': 'Button', 'value': 'None'}, {'trait_type': 'Neck', 'value': 'None'}, {'trait_type': 'Hair', 'value': 'None'}, {'trait_type': 'Helmet', 'value': 'None'}, {'trait_type': 'Earrings', 'value': 'None'}, {'trait_type': 'Smoking', 'value': 'None'}]",https://ipfs.io/ipfs/QmP41JnySM7iDPyvjsmECtB7to3XkBbjaBXRmM1ucR8ced,205.86855599091353,58
Monster Mash #21,"[{'trait_type': 'Character', 'value': 'Mummy'}, {'trait_type': 'Background', 'value': 'Skull Pattern 4'}, {'trait_type': 'Skin', 'value': 'Mummy Yellow'}, {'trait_type': 'Top', 'value': 'Punk Shirt 1'}, {'trait_type': 'Neck', 'value': 'Rope Chain, Gold'}, {'trait_type': 'Eyes', 'value': 'Wayfarers, Blue'}, {'trait_type': 'Pet', 'value': 'Spider, Blue'}, {'trait_type': 'Mouth', 'value': 'None'}, {'trait_type': 'Button', 'value': 'None'}, {'trait_type': 'Hair', 'value': 'None'}, {'trait_type': 'HeadChoice', 'value': 'None'}, {'trait_type': 'Hat', 'value': 'None'}, {'trait_type': 'Helmet', 'value': 'None'}, {'trait_type': 'Earrings', 'value': 'None'}, {'trait_type': 'Smoking', 'value': 'None'}]",https://ipfs.io/ipfs/QmX44LN2hACnPuscwHZJJBYzfyws2SFQ4m95dLmmuzWiLf,205.02298152180964,59
Monster Mash #84,"[{'trait_type': 'Character', 'value': 'Frankie'}, {'trait_type': 'Background', 'value': 'Castle Wall'}, {'trait_type': 'Skin', 'value': 'Frankie Yellow'}, {'trait_type': 'Top', 'value': 'Jumpsuit'}, {'trait_type': 'Pet', 'value': 'Spider, Pink'}, {'trait_type': 'Mouth', 'value': 'None'}, {'trait_type': 'Eyes', 'value': 'None'}, {'trait_type': 'Button', 'value': 'None'}, {'trait_type': 'Neck', 'value': 'None'}, {'trait_type': 'Hair', 'value': 'None'}, {'trait_type': 'HeadChoice', 'value': 'None'}, {'trait_type': 'Hat', 'value': 'None'}, {'trait_type': 'Helmet', 'value': 'None'}, {'trait_type': 'Earrings', 'value': 'None'}, {'trait_type': 'Smoking', 'value': 'None'}]",https://ipfs.io/ipfs/QmV7tC8aQW5K32m487s9TgZht6furGxNHT7WqrdnDrVU8n,204.3678335651911,60
Monster Mash #72,"[{'trait_type': 'Character', 'value': 'Frankie'}, {'trait_type': 'Background', 'value': 'Castle'}, {'trait_type': 'Skin', 'value': 'Frankie Swirl'}, {'trait_type': 'Top', 'value': 'Jacket, Classic Chinese'}, {'trait_type': 'Eyes', 'value': 'Laser Glow, Purple'}, {'trait_type': 'Button', 'value': 'Button, Cyber Skull'}, {'trait_type': 'Mouth', 'value': 'None'}, {'trait_type': 'Pet', 'value': 'None'}, {'trait_type': 'Neck', 'value': 'None'}, {'trait_type': 'Hair', 'value': 'None'}, {'trait_type': 'HeadChoice', 'value': 'None'}, {'trait_type': 'Hat', 'value': 'None'}, {'trait_type': 'Helmet', 'value': 'None'}, {'trait_type': 'Earrings', 'value': 'None'}, {'trait_type': 'Smoking', 'value': 'None'}]",https://ipfs.io/ipfs/QmW2N2qr3hwAo41zLCxjbGLa2pWci5STLY3GHB6wmWPGzv,202.93938286456157,61
Monster Mash #100,"[{'trait_type': 'Character', 'value': 'Mummy'}, {'trait_type': 'Background', 'value': 'Lab'}, {'trait_type': 'Skin', 'value': 'Mummy Houndstooth '}, {'trait_type': 'Top', 'value': 'Flannel, Red'}, {'trait_type': 'Eyes', 'value': 'Goggles, Scuba'}, {'trait_type': 'HeadChoice', 'value': 'Hat'}, {'trait_type': 'Hat', 'value': 'Hat, Mariachi'}, {'trait_type': 'Mouth', 'value': 'None'}, {'trait_type': 'Pet', 'value': 'None'}, {'trait_type': 'Button', 'value': 'None'}, {'trait_type': 'Neck', 'value': 'None'}, {'trait_type': 'Hair', 'value': 'None'}, {'trait_type': 'Helmet', 'value': 'None'}, {'trait_type': 'Earrings', 'value': 'None'}, {'trait_type': 'Smoking', 'value': 'None'}]",https://ipfs.io/ipfs/QmUULcLiUkXdiuZVwZwTjNZWtQZqXoUV3nHKn87itvbhr9,202.65903607820212,62
Monster Mash #44,"[{'trait_type': 'Character', 'value': 'Wolfie'}, {'trait_type': 'Background', 'value': 'Castle Wall'}, {'trait_type': 'Skin', 'value': 'Wolfie Reg'}, {'trait_type': 'Top', 'value': 'Shirt, Fancy'}, {'trait_type': 'HeadChoice', 'value': 'Hat'}, {'trait_type': 'Hat', 'value': 'Hat, Pirate'}, {'trait_type': 'Mouth', 'value': 'None'}, {'trait_type': 'Eyes', 'value': 'None'}, {'trait_type': 'Pet', 'value': 'None'}, {'trait_type': 'Button', 'value': 'None'}, {'trait_type': 'Neck', 'value': 'None'}, {'trait_type': 'Hair', 'value': 'None'}, {'trait_type': 'Helmet', 'value': 'None'}, {'trait_type': 'Earrings', 'value': 'None'}, {'trait_type': 'Smoking', 'value': 'None'}]",https://ipfs.io/ipfs/QmUTzbpqB7miQwqCVFyn5qwsKmABboSRufoeZ7jcW5zcuE,201.8870580562241,63
Monster Mash #71,"[{'trait_type': 'Character', 'value': 'Fred'}, {'trait_type': 'Background', 'value': 'New Graveyard'}, {'trait_type': 'Skin', 'value': 'Fred Reg'}, {'trait_type': 'Top', 'value': 'Samurai Armor, Gold'}, {'trait_type': 'Pet', 'value': 'Spider, Pink'}, {'trait_type': 'Mouth', 'value': 'None'}, {'trait_type': 'Eyes', 'value': 'None'}, {'trait_type': 'Button', 'value': 'None'}, {'trait_type': 'Neck', 'value': 'None'}, {'trait_type': 'Hair', 'value': 'None'}, {'trait_type': 'HeadChoice', 'value': 'None'}, {'trait_type': 'Hat', 'value': 'None'}, {'trait_type': 'Helmet', 'value': 'None'}, {'trait_type': 'Earrings', 'value': 'None'}, {'trait_type': 'Smoking', 'value': 'None'}]",https://ipfs.io/ipfs/QmcMvLVBxY1jtXDZt9J3MKLxp3unV8mrq9FpSLJ3K7vzPj,201.88385920621675,64
Monster Mash #95,"[{'trait_type': 'Character', 'value': 'Mummy'}, {'trait_type': 'Background', 'value': 'Castle'}, {'trait_type': 'Skin', 'value': 'Mummy OG'}, {'trait_type': 'Top', 'value': 'Jacket, Smoking'}, {'trait_type': 'Eyes', 'value': 'Glasses, Round, Red'}, {'trait_type': 'Mouth', 'value': 'None'}, {'trait_type': 'Pet', 'value': 'None'}, {'trait_type': 'Button', 'value': 'None'}, {'trait_type': 'Neck', 'value': 'None'}, {'trait_type': 'Hair', 'value': 'None'}, {'trait_type': 'HeadChoice', 'value': 'None'}, {'trait_type': 'Hat', 'value': 'None'}, {'trait_type': 'Helmet', 'value': 'None'}, {'trait_type': 'Earrings', 'value': 'None'}, {'trait_type': 'Smoking', 'value': 'None'}]",https://ipfs.io/ipfs/QmdL3VA5KwodNfJon9UwCdF4MfE4nodpd7ve6pr1JNtnUh,200.65401517318122,65
Monster Mash #98,"[{'trait_type': 'Character', 'value': 'Frankie'}, {'trait_type': 'Background', 'value': 'Checker Blue'}, {'trait_type': 'Skin', 'value': 'Frankie Reg'}, {'trait_type': 'Top', 'value': 'Tank, Blue'}, {'trait_type': 'Eyes', 'value': 'Wayfarers, Purple'}, {'trait_type': 'HeadChoice', 'value': 'Hat'}, {'trait_type': 'Hat', 'value': 'Flip Cap, MM, Green'}, {'trait_type': 'Button', 'value': 'Button, Star'}, {'trait_type': 'Mouth', 'value': 'None'}, {'trait_type': 'Pet', 'value': 'None'}, {'trait_type': 'Neck', 'value': 'None'}, {'trait_type': 'Hair', 'value': 'None'}, {'trait_type': 'Helmet', 'value': 'None'}, {'trait_type': 'Earrings', 'value': 'None'}, {'trait_type': 'Smoking', 'value': 'None'}]",https://ipfs.io/ipfs/QmQNJvQaqmaZwdkbAcWrHaYy84uUK5Ea4Njm7FEep8T8fs,199.61210469610694,66
Monster Mash #4,"[{'trait_type': 'Character', 'value': 'Wolfie'}, {'trait_type': 'Background', 'value': 'Lab'}, {'trait_type': 'Skin', 'value': 'Wolfie Reg'}, {'trait_type': 'Top', 'value': 'Shirt, Hawaiian'}, {'trait_type': 'Eyes', 'value': 'Glasses, Round, Yellow'}, {'trait_type': 'HeadChoice', 'value': 'Hat'}, {'trait_type': 'Hat', 'value': 'Beanie, Teal'}, {'trait_type': 'Button', 'value': 'Button, Monster Supreme'}, {'trait_type': 'Mouth', 'value': 'None'}, {'trait_type': 'Pet', 'value': 'None'}, {'trait_type': 'Neck', 'value': 'None'}, {'trait_type': 'Hair', 'value': 'None'}, {'trait_type': 'Helmet', 'value': 'None'}, {'trait_type': 'Earrings', 'value': 'None'}, {'trait_type': 'Smoking', 'value': 'None'}]",https://ipfs.io/ipfs/QmXPrdyRXW5kVqu4RGy7kmTMm4rZX7Aacfy5WW6ap6V6e1,197.7714184215971,67
Monster Mash #42,"[{'trait_type': 'Character', 'value': 'Frankie'}, {'trait_type': 'Background', 'value': 'Castle'}, {'trait_type': 'Skin', 'value': 'Frankie Reg'}, {'trait_type': 'Top', 'value': 'Polo, Orange'}, {'trait_type': 'Eyes', 'value': 'Eyes, Alien Side'}, {'trait_type': 'Mouth', 'value': 'None'}, {'trait_type': 'Pet', 'value': 'None'}, {'trait_type': 'Button', 'value': 'None'}, {'trait_type': 'Neck', 'value': 'None'}, {'trait_type': 'Hair', 'value': 'None'}, {'trait_type': 'HeadChoice', 'value': 'None'}, {'trait_type': 'Hat', 'value': 'None'}, {'trait_type': 'Helmet', 'value': 'None'}, {'trait_type': 'Earrings', 'value': 'None'}, {'trait_type': 'Smoking', 'value': 'None'}]",https://ipfs.io/ipfs/QmYYTT1XCEN24dM5piSk3rq16hvxo43GpEYFRQLjjKGMyX,193.74470144769103,68
Monster Mash #11,"[{'trait_type': 'Character', 'value': 'Frankie'}, {'trait_type': 'Background', 'value': 'Castle'}, {'trait_type': 'Skin', 'value': 'Frankie Teal'}, {'trait_type': 'Top', 'value': 'Hoodie, Black'}, {'trait_type': 'Eyes', 'value': 'Laser Glow, Purple'}, {'trait_type': 'Pet', 'value': 'Mouse, Green'}, {'trait_type': 'Mouth', 'value': 'None'}, {'trait_type': 'Button', 'value': 'None'}, {'trait_type': 'Neck', 'value': 'None'}, {'trait_type': 'Hair', 'value': 'None'}, {'trait_type': 'HeadChoice', 'value': 'None'}, {'trait_type': 'Hat', 'value': 'None'}, {'trait_type': 'Helmet', 'value': 'None'}, {'trait_type': 'Earrings', 'value': 'None'}, {'trait_type': 'Smoking', 'value': 'None'}]",https://ipfs.io/ipfs/QmU8MV3B4fJavmY7Y3qc7VUugiDYdKNWjmmCKfQLp1fJwp,190.0442127415703,69
Monster Mash #18,"[{'trait_type': 'Character', 'value': 'Mummy'}, {'trait_type': 'Background', 'value': 'Castle Wall'}, {'trait_type': 'Skin', 'value': 'Mummy Houndstooth '}, {'trait_type': 'Top', 'value': 'Jacket, Striped'}, {'trait_type': 'Eyes', 'value': 'Laser Glow, Blue'}, {'trait_type': 'HeadChoice', 'value': 'Hat'}, {'trait_type': 'Hat', 'value': 'Bandito Hat'}, {'trait_type': 'Pet', 'value': 'Bat, Purple'}, {'trait_type': 'Mouth', 'value': 'None'}, {'trait_type': 'Button', 'value': 'None'}, {'trait_type': 'Neck', 'value': 'None'}, {'trait_type': 'Hair', 'value': 'None'}, {'trait_type': 'Helmet', 'value': 'None'}, {'trait_type': 'Earrings', 'value': 'None'}, {'trait_type': 'Smoking', 'value': 'None'}]",https://ipfs.io/ipfs/Qmc364ctVn1FwAw8MDLw6UpbeCGy1ReEcwyx3EqjRvTc4b,189.45188932424688,70
Monster Mash #56,"[{'trait_type': 'Character', 'value': 'Drac'}, {'trait_type': 'Background', 'value': 'Graveyard'}, {'trait_type': 'Skin', 'value': 'Drac Reg'}, {'trait_type': 'Top', 'value': 'Pancho, Bandolier, Violet'}, {'trait_type': 'Eyes', 'value': 'Laser Glow, Blue'}, {'trait_type': 'Pet', 'value': 'Spider, Blue'}, {'trait_type': 'Mouth', 'value': 'None'}, {'trait_type': 'Button', 'value': 'None'}, {'trait_type': 'Neck', 'value': 'None'}, {'trait_type': 'Hair', 'value': 'None'}, {'trait_type': 'HeadChoice', 'value': 'None'}, {'trait_type': 'Hat', 'value': 'None'}, {'trait_type': 'Helmet', 'value': 'None'}, {'trait_type': 'Earrings', 'value': 'None'}, {'trait_type': 'Smoking', 'value': 'None'}]",https://ipfs.io/ipfs/QmNWryhgyqfjdE9fU8hmpQJ6mqUpG66XW4kxXNQvZ8WS5M,189.383498455856,71
Monster Mash #7,"[{'trait_type': 'Character', 'value': 'Drac'}, {'trait_type': 'Background', 'value': 'Pink'}, {'trait_type': 'Skin', 'value': 'Drac Yellow'}, {'trait_type': 'Top', 'value': 'Tee, Skull, Pink'}, {'trait_type': 'Eyes', 'value': 'Glasses, Round, Yellow'}, {'trait_type': 'Pet', 'value': 'Mouse, Pink'}, {'trait_type': 'Mouth', 'value': 'None'}, {'trait_type': 'Button', 'value': 'None'}, {'trait_type': 'Neck', 'value': 'None'}, {'trait_type': 'Hair', 'value': 'None'}, {'trait_type': 'HeadChoice', 'value': 'None'}, {'trait_type': 'Hat', 'value': 'None'}, {'trait_type': 'Helmet', 'value': 'None'}, {'trait_type': 'Earrings', 'value': 'None'}, {'trait_type': 'Smoking', 'value': 'None'}]",https://ipfs.io/ipfs/QmUvU15tCvAJJoiBphRvMg5jPaRSAGnBWLBkR7oEKo6Q3J,186.87592269828025,72
Monster Mash #99,"[{'trait_type': 'Character', 'value': 'Drac'}, {'trait_type': 'Background', 'value': 'Graveyard'}, {'trait_type': 'Skin', 'value': 'Drac Tie Dye'}, {'trait_type': 'Top', 'value': 'Jersey, Football, Purple'}, {'trait_type': 'Eyes', 'value': 'Wayfarers, Blue'}, {'trait_type': 'Pet', 'value': 'Spider, Blue'}, {'trait_type': 'Button', 'value': 'Button, Skull'}, {'trait_type': 'Mouth', 'value': 'None'}, {'trait_type': 'Neck', 'value': 'None'}, {'trait_type': 'Hair', 'value': 'None'}, {'trait_type': 'HeadChoice', 'value': 'None'}, {'trait_type': 'Hat', 'value': 'None'}, {'trait_type': 'Helmet', 'value': 'None'}, {'trait_type': 'Earrings', 'value': 'None'}, {'trait_type': 'Smoking', 'value': 'None'}]",https://ipfs.io/ipfs/QmaNUZKKoTjeWZNm5rPYdX3Qt4fgwAQNBZQ8XLgfXrDeGU,186.4900160965778,73
Monster Mash #54,"[{'trait_type': 'Character', 'value': 'Frankie'}, {'trait_type': 'Background', 'value': 'Skull Pattern 1'}, {'trait_type': 'Skin', 'value': 'Frankie Blue'}, {'trait_type': 'Top', 'value': 'Tee, Skull, Pink'}, {'trait_type': 'Eyes', 'value': 'Eyes, Cyborg, Yellow'}, {'trait_type': 'HeadChoice', 'value': 'Hat'}, {'trait_type': 'Hat', 'value': 'Flip Cap, MM, Red'}, {'trait_type': 'Mouth', 'value': 'None'}, {'trait_type': 'Pet', 'value': 'None'}, {'trait_type': 'Button', 'value': 'None'}, {'trait_type': 'Neck', 'value': 'None'}, {'trait_type': 'Hair', 'value': 'None'}, {'trait_type': 'Helmet', 'value': 'None'}, {'trait_type': 'Earrings', 'value': 'None'}, {'trait_type': 'Smoking', 'value': 'None'}]",https://ipfs.io/ipfs/QmQ6jJCt5PigJ2YFCWr9WA1HH6qLJ3i1svfhNaxmzCLeCA,182.7007027448688,74
Monster Mash #17,"[{'trait_type': 'Character', 'value': 'Mummy'}, {'trait_type': 'Background', 'value': 'Skull Pattern 2'}, {'trait_type': 'Skin', 'value': 'Mummy Yellow'}, {'trait_type': 'Top', 'value': 'Tank, Purple'}, {'trait_type': 'Eyes', 'value': 'Laser Glow, Purple'}, {'trait_type': 'Pet', 'value': 'Spider, Teal'}, {'trait_type': 'Button', 'value': 'Button, Cyber Skull'}, {'trait_type': 'Mouth', 'value': 'None'}, {'trait_type': 'Neck', 'value': 'None'}, {'trait_type': 'Hair', 'value': 'None'}, {'trait_type': 'HeadChoice', 'value': 'None'}, {'trait_type': 'Hat', 'value': 'None'}, {'trait_type': 'Helmet', 'value': 'None'}, {'trait_type': 'Earrings', 'value': 'None'}, {'trait_type': 'Smoking', 'value': 'None'}]",https://ipfs.io/ipfs/QmbiwUKUfNjxa5uo2o8vSMhdmfrHNYhGq1zyRqXCoskRhs,182.384821291383,75
Monster Mash #36,"[{'trait_type': 'Character', 'value': 'Frankie'}, {'trait_type': 'Background', 'value': 'Lab'}, {'trait_type': 'Skin', 'value': 'Frankie Reg'}, {'trait_type': 'Top', 'value': 'Shirt, Leopard'}, {'trait_type': 'Eyes', 'value': 'Glasses, Round, Yellow'}, {'trait_type': 'HeadChoice', 'value': 'Hat'}, {'trait_type': 'Hat', 'value': 'Flip Cap, MM, Red'}, {'trait_type': 'Pet', 'value': 'Spider, Pink'}, {'trait_type': 'Button', 'value': 'Button, Cyber Skull'}, {'trait_type': 'Mouth', 'value': 'None'}, {'trait_type': 'Neck', 'value': 'None'}, {'trait_type': 'Hair', 'value': 'None'}, {'trait_type': 'Helmet', 'value': 'None'}, {'trait_type': 'Earrings', 'value': 'None'}, {'trait_type': 'Smoking', 'value': 'None'}]",https://ipfs.io/ipfs/QmeXZev4CexkAH4RytNS95XuTDQR9MmL8h3LoByhaLEG6f,182.27900776939296,76
Monster Mash #81,"[{'trait_type': 'Character', 'value': 'Frankie'}, {'trait_type': 'Background', 'value': 'Lab'}, {'trait_type': 'Skin', 'value': 'Frankie Blue'}, {'trait_type': 'Top', 'value': 'Jacket, Smoking'}, {'trait_type': 'Eyes', 'value': 'Aviators, Copper'}, {'trait_type': 'HeadChoice', 'value': 'Helmet'}, {'trait_type': 'Helmet', 'value': 'Helmet, Moto'}, {'trait_type': 'Pet', 'value': 'Bat, Blue'}, {'trait_type': 'Mouth', 'value': 'None'}, {'trait_type': 'Button', 'value': 'None'}, {'trait_type': 'Neck', 'value': 'None'}, {'trait_type': 'Hair', 'value': 'None'}, {'trait_type': 'Hat', 'value': 'None'}, {'trait_type': 'Earrings', 'value': 'None'}, {'trait_type': 'Smoking', 'value': 'None'}]",https://ipfs.io/ipfs/QmYn9y4NWdtRTft9fkwqveEF448THLLRRAM4wUrewLbTBV,173.73184616515877,77
Monster Mash #14,"[{'trait_type': 'Character', 'value': 'Mummy'}, {'trait_type': 'Background', 'value': 'Castle Interior'}, {'trait_type': 'Skin', 'value': 'Mummy Stripes'}, {'trait_type': 'Top', 'value': 'Punk Shirt 1'}, {'trait_type': 'Neck', 'value': 'Sid Necklace'}, {'trait_type': 'Eyes', 'value': 'Laser Glow, Purple'}, {'trait_type': 'Pet', 'value': 'Mouse, Yellow'}, {'trait_type': 'Mouth', 'value': 'None'}, {'trait_type': 'Button', 'value': 'None'}, {'trait_type': 'Hair', 'value': 'None'}, {'trait_type': 'HeadChoice', 'value': 'None'}, {'trait_type': 'Hat', 'value': 'None'}, {'trait_type': 'Helmet', 'value': 'None'}, {'trait_type': 'Earrings', 'value': 'None'}, {'trait_type': 'Smoking', 'value': 'None'}]",https://ipfs.io/ipfs/QmUy6vvkHrZLur4XEQCHdhuA78hLXkn6uJE5443iBisqBJ,173.14202914085726,78
Monster Mash #51,"[{'trait_type': 'Character', 'value': 'Frankie'}, {'trait_type': 'Background', 'value': 'Graveyard'}, {'trait_type': 'Skin', 'value': 'Frankie Reg'}, {'trait_type': 'Top', 'value': 'Tank, Purple'}, {'trait_type': 'Neck', 'value': 'Rope Chain, Gold'}, {'trait_type': 'Eyes', 'value': 'Eyes, Spiral'}, {'trait_type': 'Pet', 'value': 'Mouse, Red'}, {'trait_type': 'Mouth', 'value': 'None'}, {'trait_type': 'Button', 'value': 'None'}, {'trait_type': 'Hair', 'value': 'None'}, {'trait_type': 'HeadChoice', 'value': 'None'}, {'trait_type': 'Hat', 'value': 'None'}, {'trait_type': 'Helmet', 'value': 'None'}, {'trait_type': 'Earrings', 'value': 'None'}, {'trait_type': 'Smoking', 'value': 'None'}]",https://ipfs.io/ipfs/QmT5zFKAp86RUMNjquqjjmS4CMD5An9YQ3YPECCgYUZhGK,171.55457688722856,79
Monster Mash #55,"[{'trait_type': 'Character', 'value': 'Frankie'}, {'trait_type': 'Background', 'value': 'Purple'}, {'trait_type': 'Skin', 'value': 'Frankie Reg'}, {'trait_type': 'Top', 'value': 'Mork'}, {'trait_type': 'Eyes', 'value': 'Laser Glow, Purple'}, {'trait_type': 'HeadChoice', 'value': 'Helmet'}, {'trait_type': 'Helmet', 'value': 'Helmet, Samurai, Orange'}, {'trait_type': 'Pet', 'value': 'Bat, Purple'}, {'trait_type': 'Button', 'value': 'Button, MM'}, {'trait_type': 'Mouth', 'value': 'None'}, {'trait_type': 'Neck', 'value': 'None'}, {'trait_type': 'Hair', 'value': 'None'}, {'trait_type': 'Hat', 'value': 'None'}, {'trait_type': 'Earrings', 'value': 'None'}, {'trait_type': 'Smoking', 'value': 'None'}]",https://ipfs.io/ipfs/QmfKSzbZ7mKGQF38bRgZpXDu8HqH9uqnoqj8MiD2bbgHdQ,166.10643103277133,80
Monster Mash #23,"[{'trait_type': 'Character', 'value': 'Mummy'}, {'trait_type': 'Background', 'value': 'Graveyard'}, {'trait_type': 'Skin', 'value': 'Mummy Houndstooth '}, {'trait_type': 'Top', 'value': 'Tank, Blue'}, {'trait_type': 'Eyes', 'value': 'Goggles, VR'}, {'trait_type': 'Pet', 'value': 'Bat, Red'}, {'trait_type': 'Mouth', 'value': 'None'}, {'trait_type': 'Button', 'value': 'None'}, {'trait_type': 'Neck', 'value': 'None'}, {'trait_type': 'Hair', 'value': 'None'}, {'trait_type': 'HeadChoice', 'value': 'None'}, {'trait_type': 'Hat', 'value': 'None'}, {'trait_type': 'Helmet', 'value': 'None'}, {'trait_type': 'Earrings', 'value': 'None'}, {'trait_type': 'Smoking', 'value': 'None'}]",https://ipfs.io/ipfs/QmPLFYfLJ2yxtuxRskbBV7GF7a6g224Nri6UsLfYXCcaKp,166.05016512252269,81
Monster Mash #26,"[{'trait_type': 'Character', 'value': 'Wolfie'}, {'trait_type': 'Background', 'value': 'Castle Wall'}, {'trait_type': 'Skin', 'value': 'Wolfie Checker'}, {'trait_type': 'Top', 'value': 'Tank, Pink'}, {'trait_type': 'Mouth', 'value': 'Mask, Cloth, Green'}, {'trait_type': 'Neck', 'value': 'Sid Necklace'}, {'trait_type': 'Eyes', 'value': 'Glasses, 3D'}, {'trait_type': 'HeadChoice', 'value': 'Helmet'}, {'trait_type': 'Helmet', 'value': 'Helmet, Football, Gold'}, {'trait_type': 'Pet', 'value': 'None'}, {'trait_type': 'Button', 'value': 'None'}, {'trait_type': 'Hair', 'value': 'None'}, {'trait_type': 'Hat', 'value': 'None'}, {'trait_type': 'Earrings', 'value': 'None'}, {'trait_type': 'Smoking', 'value': 'None'}]",https://ipfs.io/ipfs/QmaXmRkJf47ZUTCm4WSV9jj9QRp5NxSp12W3HWqbzQZXUB,165.05857887219304,82
Monster Mash #31,"[{'trait_type': 'Character', 'value': 'Drac'}, {'trait_type': 'Background', 'value': 'Cosmic'}, {'trait_type': 'Skin', 'value': 'Drac Reg'}, {'trait_type': 'Top', 'value': 'Tank, Purple'}, {'trait_type': 'Eyes', 'value': 'Eyes, Cyborg, Yellow'}, {'trait_type': 'Mouth', 'value': 'None'}, {'trait_type': 'Pet', 'value': 'None'}, {'trait_type': 'Button', 'value': 'None'}, {'trait_type': 'Neck', 'value': 'None'}, {'trait_type': 'Hair', 'value': 'None'}, {'trait_type': 'HeadChoice', 'value': 'None'}, {'trait_type': 'Hat', 'value': 'None'}, {'trait_type': 'Helmet', 'value': 'None'}, {'trait_type': 'Earrings', 'value': 'None'}, {'trait_type': 'Smoking', 'value': 'None'}]",https://ipfs.io/ipfs/QmSnhNnd7rvS2ioYz9iVTkB9RpqLK1KVDw3oa62BVUMuvt,157.31310608227216,83
Monster Mash #38,"[{'trait_type': 'Character', 'value': 'Drac'}, {'trait_type': 'Background', 'value': 'Skull Pattern 2'}, {'trait_type': 'Skin', 'value': 'Drac Reg'}, {'trait_type': 'Top', 'value': 'Vest, Denim, Black'}, {'trait_type': 'Eyes', 'value': 'Glasses, 3D'}, {'trait_type': 'Pet', 'value': 'Spider, Pink'}, {'trait_type': 'Mouth', 'value': 'None'}, {'trait_type': 'Button', 'value': 'None'}, {'trait_type': 'Neck', 'value': 'None'}, {'trait_type': 'Hair', 'value': 'None'}, {'trait_type': 'HeadChoice', 'value': 'None'}, {'trait_type': 'Hat', 'value': 'None'}, {'trait_type': 'Helmet', 'value': 'None'}, {'trait_type': 'Earrings', 'value': 'None'}, {'trait_type': 'Smoking', 'value': 'None'}]",https://ipfs.io/ipfs/QmU51gF5buxm4CpSY4k9S5YkW8eh1EZq9ePmx9VSLvNjMD,157.26481158716913,84
Monster Mash #53,"[{'trait_type': 'Character', 'value': 'Mummy'}, {'trait_type': 'Background', 'value': 'Skull Pattern 2'}, {'trait_type': 'Skin', 'value': 'Mummy OG'}, {'trait_type': 'Top', 'value': 'Punk Shirt 2'}, {'trait_type': 'Mouth', 'value': 'Mustache, Pencil'}, {'trait_type': 'Neck', 'value': 'Rope Chain, Gold'}, {'trait_type': 'Eyes', 'value': 'Goggles, Blue'}, {'trait_type': 'Pet', 'value': 'None'}, {'trait_type': 'Button', 'value': 'None'}, {'trait_type': 'Hair', 'value': 'None'}, {'trait_type': 'HeadChoice', 'value': 'None'}, {'trait_type': 'Hat', 'value': 'None'}, {'trait_type': 'Helmet', 'value': 'None'}, {'trait_type': 'Earrings', 'value': 'None'}, {'trait_type': 'Smoking', 'value': 'None'}]",https://ipfs.io/ipfs/Qmb3Ct7mW3nY15TMzju6TdCqHmuHuSjAuRvWoU8m9rnsoC,157.15460935024598,85
Monster Mash #40,"[{'trait_type': 'Character', 'value': 'Drac'}, {'trait_type': 'Background', 'value': 'Castle Wall'}, {'trait_type': 'Skin', 'value': 'Drac Yellow'}, {'trait_type': 'Top', 'value': 'Tux '}, {'trait_type': 'Eyes', 'value': 'Eyes, Cyborg, Green'}, {'trait_type': 'HeadChoice', 'value': 'Hat'}, {'trait_type': 'Hat', 'value': 'Flip Cap, MM, Red'}, {'trait_type': 'Mouth', 'value': 'None'}, {'trait_type': 'Pet', 'value': 'None'}, {'trait_type': 'Button', 'value': 'None'}, {'trait_type': 'Neck', 'value': 'None'}, {'trait_type': 'Hair', 'value': 'None'}, {'trait_type': 'Helmet', 'value': 'None'}, {'trait_type': 'Earrings', 'value': 'None'}, {'trait_type': 'Smoking', 'value': 'None'}]",https://ipfs.io/ipfs/QmXZRrMRkbpDmbLt4haZNfqGtBs7tNBevcEj7oDwPrAaib,155.60134377050983,86
Monster Mash #2,"[{'trait_type': 'Character', 'value': 'Wolfie'}, {'trait_type': 'Background', 'value': 'Lab'}, {'trait_type': 'Skin', 'value': 'Wolfie Reg'}, {'trait_type': 'Top', 'value': 'Punk Shirt 2'}, {'trait_type': 'Neck', 'value': 'Sid Necklace'}, {'trait_type': 'Eyes', 'value': 'Eyes, Laser Beam'}, {'trait_type': 'Pet', 'value': 'Spider, Pink'}, {'trait_type': 'Mouth', 'value': 'None'}, {'trait_type': 'Button', 'value': 'None'}, {'trait_type': 'Hair', 'value': 'None'}, {'trait_type': 'HeadChoice', 'value': 'None'}, {'trait_type': 'Hat', 'value': 'None'}, {'trait_type': 'Helmet', 'value': 'None'}, {'trait_type': 'Earrings', 'value': 'None'}, {'trait_type': 'Smoking', 'value': 'None'}]",https://ipfs.io/ipfs/QmdSWkv1YhbnivZfwZQLBH1VK4tbRffvf2JcZpxGseswMs,155.3285370773652,87
Monster Mash #3,"[{'trait_type': 'Character', 'value': 'Fred'}, {'trait_type': 'Background', 'value': 'Castle'}, {'trait_type': 'Skin', 'value': 'Fred Reg'}, {'trait_type': 'Top', 'value': 'Toga'}, {'trait_type': 'Eyes', 'value': 'Aviators, Gold'}, {'trait_type': 'Pet', 'value': 'Mouse, Green'}, {'trait_type': 'Button', 'value': 'Button, MM'}, {'trait_type': 'Mouth', 'value': 'None'}, {'trait_type': 'Neck', 'value': 'None'}, {'trait_type': 'Hair', 'value': 'None'}, {'trait_type': 'HeadChoice', 'value': 'None'}, {'trait_type': 'Hat', 'value': 'None'}, {'trait_type': 'Helmet', 'value': 'None'}, {'trait_type': 'Earrings', 'value': 'None'}, {'trait_type': 'Smoking', 'value': 'None'}]",https://ipfs.io/ipfs/QmYBVbLv2dDxPA92eiR1oKEZytHtSM3fy13XrjZvsqvX3k,152.07334942991113,88
Monster Mash #34,"[{'trait_type': 'Character', 'value': 'Frankie'}, {'trait_type': 'Background', 'value': 'Castle Interior'}, {'trait_type': 'Skin', 'value': 'Frankie Reg'}, {'trait_type': 'Top', 'value': 'Robot Suit'}, {'trait_type': 'Eyes', 'value': 'Laser Glow, Orange'}, {'trait_type': 'HeadChoice', 'value': 'Hat'}, {'trait_type': 'Hat', 'value': 'Hat, Mariachi'}, {'trait_type': 'Pet', 'value': 'Mouse, Yellow'}, {'trait_type': 'Mouth', 'value': 'None'}, {'trait_type': 'Button', 'value': 'None'}, {'trait_type': 'Neck', 'value': 'None'}, {'trait_type': 'Hair', 'value': 'None'}, {'trait_type': 'Helmet', 'value': 'None'}, {'trait_type': 'Earrings', 'value': 'None'}, {'trait_type': 'Smoking', 'value': 'None'}]",https://ipfs.io/ipfs/QmW1eRc3XbbvKqwNXsYNsGoMqGn6sU5Q4w656n78Sw6srf,147.08360123978233,89
Monster Mash #27,"[{'trait_type': 'Character', 'value': 'Mummy'}, {'trait_type': 'Background', 'value': 'Lab'}, {'trait_type': 'Skin', 'value': 'Mummy OG'}, {'trait_type': 'Top', 'value': 'Tank, Blue'}, {'trait_type': 'Eyes', 'value': 'Laser Glow, Orange'}, {'trait_type': 'HeadChoice', 'value': 'Helmet'}, {'trait_type': 'Helmet', 'value': 'Helmet, Football, Gold'}, {'trait_type': 'Pet', 'value': 'Mouse, Green'}, {'trait_type': 'Button', 'value': 'Button, Brain'}, {'trait_type': 'Mouth', 'value': 'None'}, {'trait_type': 'Neck', 'value': 'None'}, {'trait_type': 'Hair', 'value': 'None'}, {'trait_type': 'Hat', 'value': 'None'}, {'trait_type': 'Earrings', 'value': 'None'}, {'trait_type': 'Smoking', 'value': 'None'}]",https://ipfs.io/ipfs/QmbSzVYLDivu3aLCje9YuJZ5HFu3t4GW68WKca6B7xpr8J,144.9633638058806,90
Monster Mash #80,"[{'trait_type': 'Character', 'value': 'Drac'}, {'trait_type': 'Background', 'value': 'Castle Interior'}, {'trait_type': 'Skin', 'value': 'Drac Reg'}, {'trait_type': 'Top', 'value': 'Clown Suit'}, {'trait_type': 'Eyes', 'value': 'Monocle'}, {'trait_type': 'Mouth', 'value': 'None'}, {'trait_type': 'Pet', 'value': 'None'}, {'trait_type': 'Button', 'value': 'None'}, {'trait_type': 'Neck', 'value': 'None'}, {'trait_type': 'Hair', 'value': 'None'}, {'trait_type': 'HeadChoice', 'value': 'None'}, {'trait_type': 'Hat', 'value': 'None'}, {'trait_type': 'Helmet', 'value': 'None'}, {'trait_type': 'Earrings', 'value': 'None'}, {'trait_type': 'Smoking', 'value': 'None'}]",https://ipfs.io/ipfs/QmcptM1zX9XRZYGprFBrGXMu99WzCij3fv14z6mbcaCcKs,143.9797727489388,91
Monster Mash #76,"[{'trait_type': 'Character', 'value': 'Frankie'}, {'trait_type': 'Background', 'value': 'Graveyard'}, {'trait_type': 'Skin', 'value': 'Frankie Reg'}, {'trait_type': 'Top', 'value': 'Mork'}, {'trait_type': 'Eyes', 'value': 'Eyes, Alien Side'}, {'trait_type': 'Mouth', 'value': 'None'}, {'trait_type': 'Pet', 'value': 'None'}, {'trait_type': 'Button', 'value': 'None'}, {'trait_type': 'Neck', 'value': 'None'}, {'trait_type': 'Hair', 'value': 'None'}, {'trait_type': 'HeadChoice', 'value': 'None'}, {'trait_type': 'Hat', 'value': 'None'}, {'trait_type': 'Helmet', 'value': 'None'}, {'trait_type': 'Earrings', 'value': 'None'}, {'trait_type': 'Smoking', 'value': 'None'}]",https://ipfs.io/ipfs/QmYix3rn5m2WfLeRnjJjo3xwLWyVbANdUGpynbvNb9dpdv,143.74470144769103,92
Monster Mash #88,"[{'trait_type': 'Character', 'value': 'Fred'}, {'trait_type': 'Background', 'value': 'Lab'}, {'trait_type': 'Skin', 'value': 'Fred Reg'}, {'trait_type': 'Top', 'value': 'Toga'}, {'trait_type': 'Mouth', 'value': 'Mustache, Pencil'}, {'trait_type': 'Pet', 'value': 'Mouse, Red'}, {'trait_type': 'Button', 'value': 'Button, Monster Smiley'}, {'trait_type': 'Eyes', 'value': 'None'}, {'trait_type': 'Neck', 'value': 'None'}, {'trait_type': 'Hair', 'value': 'None'}, {'trait_type': 'HeadChoice', 'value': 'None'}, {'trait_type': 'Hat', 'value': 'None'}, {'trait_type': 'Helmet', 'value': 'None'}, {'trait_type': 'Earrings', 'value': 'None'}, {'trait_type': 'Smoking', 'value': 'None'}]",https://ipfs.io/ipfs/QmQhHLjRovqMVu1ss3XwhJTngwJakmtjYF2JdQ4754TPoE,137.97926573582743,93
Monster Mash #20,"[{'trait_type': 'Character', 'value': 'Frankie'}, {'trait_type': 'Background', 'value': 'Castle Wall'}, {'trait_type': 'Skin', 'value': 'Frankie Teal'}, {'trait_type': 'Top', 'value': 'Raincoat, Yellow'}, {'trait_type': 'Pet', 'value': 'Spider, Pink'}, {'trait_type': 'Mouth', 'value': 'None'}, {'trait_type': 'Eyes', 'value': 'None'}, {'trait_type': 'Button', 'value': 'None'}, {'trait_type': 'Neck', 'value': 'None'}, {'trait_type': 'Hair', 'value': 'None'}, {'trait_type': 'HeadChoice', 'value': 'None'}, {'trait_type': 'Hat', 'value': 'None'}, {'trait_type': 'Helmet', 'value': 'None'}, {'trait_type': 'Earrings', 'value': 'None'}, {'trait_type': 'Smoking', 'value': 'None'}]",https://ipfs.io/ipfs/QmWD5mcY3iTM37EDoSz1MypQJM8ED8xZQQ9ndL2jQmQonH,137.70116689852446,94
Monster Mash #13,"[{'trait_type': 'Character', 'value': 'Wolfie'}, {'trait_type': 'Background', 'value': 'Castle'}, {'trait_type': 'Skin', 'value': 'Wolfie Teal Face'}, {'trait_type': 'Top', 'value': 'Jacket, Army, Midnight'}, {'trait_type': 'Pet', 'value': 'Mouse, Green'}, {'trait_type': 'Mouth', 'value': 'None'}, {'trait_type': 'Eyes', 'value': 'None'}, {'trait_type': 'Button', 'value': 'None'}, {'trait_type': 'Neck', 'value': 'None'}, {'trait_type': 'Hair', 'value': 'None'}, {'trait_type': 'HeadChoice', 'value': 'None'}, {'trait_type': 'Hat', 'value': 'None'}, {'trait_type': 'Helmet', 'value': 'None'}, {'trait_type': 'Earrings', 'value': 'None'}, {'trait_type': 'Smoking', 'value': 'None'}]",https://ipfs.io/ipfs/QmSHJgbmucjZ5ketPj8TBjy4tKCBtBdFh3d1rjUrm4zmpK,137.25254607490362,95
Monster Mash #78,"[{'trait_type': 'Character', 'value': 'Mummy'}, {'trait_type': 'Background', 'value': 'Castle'}, {'trait_type': 'Skin', 'value': 'Mummy OG'}, {'trait_type': 'Top', 'value': 'Tank, Pink'}, {'trait_type': 'Mouth', 'value': 'Mask, Cloth, Pink'}, {'trait_type': 'Neck', 'value': 'Rope Chain, Gold'}, {'trait_type': 'Eyes', 'value': 'Wayfarers, Pink'}, {'trait_type': 'HeadChoice', 'value': 'Helmet'}, {'trait_type': 'Helmet', 'value': 'Helmet, Moto, Shield'}, {'trait_type': 'Pet', 'value': 'Spider, Pink'}, {'trait_type': 'Button', 'value': 'None'}, {'trait_type': 'Hair', 'value': 'None'}, {'trait_type': 'Hat', 'value': 'None'}, {'trait_type': 'Earrings', 'value': 'None'}, {'trait_type': 'Smoking', 'value': 'None'}]",https://ipfs.io/ipfs/QmQwWTKYXD3q8HAT9trq1TbpjbQaF1Pqm1Kmykf8q46hpY,135.92814741293063,96
Monster Mash #46,"[{'trait_type': 'Character', 'value': 'Frankie'}, {'trait_type': 'Background', 'value': 'Lab'}, {'trait_type': 'Skin', 'value': 'Frankie Rainbow'}, {'trait_type': 'Top', 'value': 'Tee, Skull, Pink'}, {'trait_type': 'Neck', 'value': 'Rope Chain, Gold'}, {'trait_type': 'HeadChoice', 'value': 'Hat'}, {'trait_type': 'Hat', 'value': 'Hat, Captains'}, {'trait_type': 'Mouth', 'value': 'None'}, {'trait_type': 'Eyes', 'value': 'None'}, {'trait_type': 'Pet', 'value': 'None'}, {'trait_type': 'Button', 'value': 'None'}, {'trait_type': 'Hair', 'value': 'None'}, {'trait_type': 'Helmet', 'value': 'None'}, {'trait_type': 'Earrings', 'value': 'None'}, {'trait_type': 'Smoking', 'value': 'None'}]",https://ipfs.io/ipfs/QmP6eaL2ukfRPjAM9m5MuD8Sa8WcUqBoz8Ab5N2u8gb3FJ,135.80014252077916,97
Monster Mash #41,"[{'trait_type': 'Character', 'value': 'Drac'}, {'trait_type': 'Background', 'value': 'Lab'}, {'trait_type': 'Skin', 'value': 'Drac Reg'}, {'trait_type': 'Top', 'value': 'Jacket, Army, Midnight'}, {'trait_type': 'Eyes', 'value': 'Aviators, Gold'}, {'trait_type': 'Mouth', 'value': 'None'}, {'trait_type': 'Pet', 'value': 'None'}, {'trait_type': 'Button', 'value': 'None'}, {'trait_type': 'Neck', 'value': 'None'}, {'trait_type': 'Hair', 'value': 'None'}, {'trait_type': 'HeadChoice', 'value': 'None'}, {'trait_type': 'Hat', 'value': 'None'}, {'trait_type': 'Helmet', 'value': 'None'}, {'trait_type': 'Earrings', 'value': 'None'}, {'trait_type': 'Smoking', 'value': 'None'}]",https://ipfs.io/ipfs/Qmdr6FEgfre5a5d9SXnHqh99E4FUAzjy9hXHgugnwc5oAU,134.64643941560547,98
Monster Mash #49,"[{'trait_type': 'Character', 'value': 'Frankie'}, {'trait_type': 'Background', 'value': 'Liquid Abstract'}, {'trait_type': 'Skin', 'value': 'Frankie Reg'}, {'trait_type': 'Top', 'value': 'Tux '}, {'trait_type': 'HeadChoice', 'value': 'Hat'}, {'trait_type': 'Hat', 'value': 'Flip Cap, Monster, Pink'}, {'trait_type': 'Mouth', 'value': 'None'}, {'trait_type': 'Eyes', 'value': 'None'}, {'trait_type': 'Pet', 'value': 'None'}, {'trait_type': 'Button', 'value': 'None'}, {'trait_type': 'Neck', 'value': 'None'}, {'trait_type': 'Hair', 'value': 'None'}, {'trait_type': 'Helmet', 'value': 'None'}, {'trait_type': 'Earrings', 'value': 'None'}, {'trait_type': 'Smoking', 'value': 'None'}]",https://ipfs.io/ipfs/QmUi7iiGZuoRJuK9ZBEYvzLUs2Wb5xXW1Ed7JL2WM1aYBq,129.03543663842623,99
Monster Mash #16,"[{'trait_type': 'Character', 'value': 'Mummy'}, {'trait_type': 'Background', 'value': 'Graveyard'}, {'trait_type': 'Skin', 'value': 'Mummy OG'}, {'trait_type': 'Top', 'value': 'Shirt, Guayabera 2'}, {'trait_type': 'Eyes', 'value': 'Laser Glow, Purple'}, {'trait_type': 'Mouth', 'value': 'None'}, {'trait_type': 'Pet', 'value': 'None'}, {'trait_type': 'Button', 'value': 'None'}, {'trait_type': 'Neck', 'value': 'None'}, {'trait_type': 'Hair', 'value': 'None'}, {'trait_type': 'HeadChoice', 'value': 'None'}, {'trait_type': 'Hat', 'value': 'None'}, {'trait_type': 'Helmet', 'value': 'None'}, {'trait_type': 'Earrings', 'value': 'None'}, {'trait_type': 'Smoking', 'value': 'None'}]",https://ipfs.io/ipfs/QmW25LsBYfY8f8JnfKtGuiyxnNcTU5nAnUTTJYfYE4C8QX,126.93972945889553,100
